--
-- PostgreSQL database dump
--

\restrict JkkS7Lk3pXfED8DfX4bzWAvH2fWocKVS1cuXxl7jdVH4MVfTsTFQNJ1z7V8J5qC

-- Dumped from database version 17.6
-- Dumped by pg_dump version 18.3

SET statement_timeout = 0;
SET lock_timeout = 0;
SET idle_in_transaction_session_timeout = 0;
SET transaction_timeout = 0;
SET client_encoding = 'UTF8';
SET standard_conforming_strings = on;
SELECT pg_catalog.set_config('search_path', '', false);
SET check_function_bodies = false;
SET xmloption = content;
SET client_min_messages = warning;
SET row_security = off;

--
-- Data for Name: node_auth_codes; Type: TABLE DATA; Schema: public; Owner: postgres
--

COPY public.node_auth_codes (id, code, node_type, status, max_uses, used_count, used_by, used_at, created_by, created_at) FROM stdin;
6108eeb3-b649-4736-ad00-ced2f2f7cf3b	445382	MAX	ACTIVE	1	0	\N	\N	admin	2026-03-31 04:57:11.047818+00
24e0941a-aa72-430b-a13f-093a987492a5	320123	MAX	ACTIVE	1	0	\N	\N	admin	2026-03-31 04:57:11.047818+00
eb773b84-0afb-48dd-95e8-9571b9c5838b	160896	MAX	ACTIVE	1	0	\N	\N	admin	2026-03-31 04:57:11.047818+00
00338b60-b344-423b-ae3b-48868afc31c8	534286	MAX	ACTIVE	1	0	\N	\N	admin	2026-03-31 04:57:11.047818+00
37dc4d26-1224-4829-9164-248043895487	895387	MAX	ACTIVE	1	0	\N	\N	admin	2026-03-31 04:57:11.047818+00
9a676f1d-2ae6-420f-9fc2-d9ca3bdc5901	125063	MAX	ACTIVE	1	0	\N	\N	admin	2026-03-31 04:57:11.047818+00
6eb296a1-de90-48dd-9894-68a650c9cd44	286427	MAX	ACTIVE	1	0	\N	\N	admin	2026-03-31 04:57:11.047818+00
4a484b08-7379-4b9f-94c6-c944ec500ec6	192329	MAX	ACTIVE	1	0	\N	\N	admin	2026-03-31 04:57:11.047818+00
123b3268-8bf7-49cf-a28a-ae2ae309fb2e	760119	MAX	ACTIVE	1	0	\N	\N	admin	2026-03-31 04:57:11.047818+00
0668d70c-354e-4091-89fe-fe2948f49a83	235597	MAX	ACTIVE	1	0	\N	\N	admin	2026-03-31 04:57:11.047818+00
\.


--
-- Data for Name: profiles; Type: TABLE DATA; Schema: public; Owner: postgres
--

COPY public.profiles (id, wallet_address, ref_code, referrer_id, rank, node_type, is_vip, vip_expires_at, total_deposited, total_withdrawn, referral_earnings, created_at, placement_id, vip_trial_used, telegram_chat_id, telegram_username, telegram_verified_at, bonus_granted, bonus_yield_unlocked) FROM stdin;
d2342aaf-608b-4cb7-a37e-62d7e66480c2	0x7002fB58DCC081ed5c85EA69901CE414671fA44D	97693627	3127ad8e-4709-4996-9943-c99328786cd7	\N	NONE	f	\N	0	0	0	2026-03-29 06:10:06.067991+00	3127ad8e-4709-4996-9943-c99328786cd7	f	\N	\N	\N	t	t
86b77567-69c2-44c3-a178-c89522f24d95	0x13413fa9ebd78814B5811BE3C32c654ff968889d	8faca8e2	fa282ed4-faf6-49e4-8c8a-b27ac2f15953	\N	NONE	f	\N	0	0	0	2026-03-19 17:51:54.865594+00	fa282ed4-faf6-49e4-8c8a-b27ac2f15953	f	\N	\N	\N	f	f
3085dd57-32bc-405c-ae5b-524e2b45a0fb	0xB9300509406cb05915dFA04f425B373be364Fa82	510bc0c9	fa282ed4-faf6-49e4-8c8a-b27ac2f15953	\N	NONE	f	\N	0	0	0	2026-03-19 18:00:25.80106+00	86b77567-69c2-44c3-a178-c89522f24d95	f	\N	\N	\N	f	f
ccb0ad11-f09d-439a-9fb2-474c11f6cc4d	0x1eFC237B68C59dAe4F7a15bCcD96E80B234eF1aB	TEST_LH2	cca63a48-6053-494b-a599-648785072c1e	\N	NONE	f	\N	0	0	0	2026-03-29 06:37:07.729737+00	cca63a48-6053-494b-a599-648785072c1e	f	\N	\N	\N	f	t
918fbf33-b624-4e8f-abe4-0c3c133a2335	0xd09B1aE1D6FAc61E6C966e57bB036E63A8D74A0C	669c2136	11f8cf5f-f563-4b3c-b7b0-ccd7460c4e1c	\N	NONE	f	\N	0	0	0	2026-03-20 07:58:48.043674+00	11f8cf5f-f563-4b3c-b7b0-ccd7460c4e1c	f	\N	\N	\N	f	f
3f59757f-eb79-4a76-b945-1ee418f190e8	0x70887eB2a5111f5B980f1bC4BBfDf345AAe65b57	eca2d6c1	11f8cf5f-f563-4b3c-b7b0-ccd7460c4e1c	\N	NONE	f	\N	0	0	0	2026-03-20 08:03:27.529255+00	918fbf33-b624-4e8f-abe4-0c3c133a2335	f	\N	\N	\N	f	f
fe0cc49e-cc48-4695-9d6c-d9a4862c21a7	0x75dda1CEc14FEBCe53E4721062BbC87d161b77Bf	6f1668c7	11f8cf5f-f563-4b3c-b7b0-ccd7460c4e1c	\N	NONE	f	\N	0	0	0	2026-03-30 08:00:11.437897+00	11f8cf5f-f563-4b3c-b7b0-ccd7460c4e1c	f	\N	\N	\N	t	f
14e02774-8013-4ccf-919c-40a97c6549e3	0x18f9319BA17c78bC844A1a0BfbD25AC553c29655	02a9e978	11f8cf5f-f563-4b3c-b7b0-ccd7460c4e1c	\N	NONE	t	2026-04-06 08:08:39.526174+00	0	0	0	2026-03-25 05:05:20.136015+00	11f8cf5f-f563-4b3c-b7b0-ccd7460c4e1c	t	\N	\N	\N	f	f
fff93be9-3601-4163-b161-ef90ed0e82a0	0x594d41e3163F25C2e2C84525e6619838d9D631Fd	3e2b342f	36c73055-482b-4bff-91c1-be401e8112d1	\N	NONE	f	\N	0	0	0	2026-03-28 11:04:36.530959+00	36c73055-482b-4bff-91c1-be401e8112d1	f	\N	\N	\N	f	f
a508d9d7-b4cf-49a0-bdb3-88dce418d381	0x96E9900EA6571178bc9404f8F20486C0F1581Ccd	25bdce81	fff93be9-3601-4163-b161-ef90ed0e82a0	\N	NONE	f	\N	0	0	0	2026-03-28 11:05:03.372106+00	fff93be9-3601-4163-b161-ef90ed0e82a0	f	\N	\N	\N	f	f
d6a146a0-e160-4927-86e1-d5c9f1c49fcc	0xAfAf6e70483a5025dD3fcaa18799ba96328807C9	eacb6bf5	a508d9d7-b4cf-49a0-bdb3-88dce418d381	\N	NONE	f	\N	0	0	0	2026-03-28 11:05:26.146385+00	a508d9d7-b4cf-49a0-bdb3-88dce418d381	f	\N	\N	\N	f	f
5e1f0583-6b5e-44d1-8926-95465939126d	0x9cDA015F46a37B8c2D5E93fAaB74C689012cD9eF	TEST_LH1	45f36e0f-2548-4144-8f0e-0257030c534a	\N	NONE	f	\N	0	0	0	2026-03-29 06:37:06.725722+00	45f36e0f-2548-4144-8f0e-0257030c534a	f	\N	\N	\N	f	t
2ff421a0-9fb6-49f6-8f55-18fadd918c87	0xEa8Dbb023A83959603590E1A811D76f835055E69	d4018c63	d6a146a0-e160-4927-86e1-d5c9f1c49fcc	\N	NONE	f	\N	0	0	0	2026-03-28 11:05:46.97096+00	d6a146a0-e160-4927-86e1-d5c9f1c49fcc	f	\N	\N	\N	f	f
d560ef50-b142-4ce0-a865-9b4212cfe8ff	0xTEST_TRIAL_123	af5b7403	\N	\N	NONE	t	2026-03-31 14:29:32.312104+00	0	0	0	2026-03-24 14:29:32.312104+00	\N	t	\N	\N	\N	f	f
b6b5533d-9a0e-47dd-8c7a-2dda0fe111e6	0xe0BF700Db48fEb712b97bA299D28017215B76517	f1e8d028	2ff421a0-9fb6-49f6-8f55-18fadd918c87	\N	NONE	f	\N	0	0	0	2026-03-28 11:06:13.008117+00	2ff421a0-9fb6-49f6-8f55-18fadd918c87	f	\N	\N	\N	f	f
8d79e2b5-0a2c-4c89-8d0b-c8a1f7119a3c	0x5CD60f8aD8b7Fa14534FE98cC7e2f3196b3eFF3	FILL_B1_V3	d21824fd-db8b-472c-ab2d-39f88379341e	\N	NONE	f	\N	0	0	0	2026-03-29 10:00:27.775433+00	d21824fd-db8b-472c-ab2d-39f88379341e	f	\N	\N	\N	f	t
ae5a0fc4-926f-46dd-8c32-a244bb5082c6	0xD8F565194C97F93169312f812D9eC9B7A10fFF2	FILL_M2_V2	8e8cb22e-067b-4cb0-a2c1-b63f97657617	\N	NONE	f	\N	0	0	0	2026-03-29 10:00:21.668311+00	8e8cb22e-067b-4cb0-a2c1-b63f97657617	f	\N	\N	\N	f	t
982ed192-2f84-443e-967f-329fd2b3ba74	0xdFCC0a46418d820a301FDA7063C35464512E96a3	e6c05e6b	f75a2484-92fb-424e-859f-d7d16bf40c5e	\N	NONE	f	\N	0	0	0	2026-03-28 11:10:26.195631+00	f75a2484-92fb-424e-859f-d7d16bf40c5e	f	\N	\N	\N	f	f
28977521-5a53-4e30-9b7a-d2a05f440db8	0x4628846b43954E105cfB5e8d782a2a5BAC898bD3	ea281383	982ed192-2f84-443e-967f-329fd2b3ba74	\N	NONE	f	\N	0	0	0	2026-03-28 11:10:49.880732+00	982ed192-2f84-443e-967f-329fd2b3ba74	f	\N	\N	\N	f	f
d48b5e51-c701-4fda-a88e-cff08ea17e86	0xTestB_YourRefer_PlacedUnderA_BB	testb002	11f8cf5f-f563-4b3c-b7b0-ccd7460c4e1c	\N	NONE	f	\N	1500	0	0	2026-03-28 05:12:12.282947+00	84ae644b-ba9d-44f5-a21d-409630401d4b	f	\N	\N	\N	f	f
214d4677-1ff3-49f1-8f71-6ce6db380ffc	0xC8eF95781Af2607C70D729C11c2E88B820e43400	bdd0794d	28977521-5a53-4e30-9b7a-d2a05f440db8	\N	NONE	f	\N	0	0	0	2026-03-28 11:11:11.918577+00	28977521-5a53-4e30-9b7a-d2a05f440db8	f	\N	\N	\N	f	f
e785584c-a7c5-43c1-bcd6-a0b3f1af499f	0xd40E37002B33Bf88A8b48Ff6b5E8249aE98339a9	664b3795	214d4677-1ff3-49f1-8f71-6ce6db380ffc	\N	NONE	f	\N	0	0	0	2026-03-28 11:11:34.391608+00	214d4677-1ff3-49f1-8f71-6ce6db380ffc	f	\N	\N	\N	f	f
bb2ebef8-16b2-4d57-86b9-12843ccfbdf2	0x957aAe1161586a146475015e0c728442c4291146	7cc03391	e785584c-a7c5-43c1-bcd6-a0b3f1af499f	\N	NONE	f	\N	0	0	0	2026-03-28 11:11:52.943899+00	e785584c-a7c5-43c1-bcd6-a0b3f1af499f	f	\N	\N	\N	f	f
455b5271-8aa2-475b-b626-d95ae4b307a9	0x2fAD348C79D60eBf5a8B26cDdEA7F91C345fA2bC	TEST_FH	d71c97f9-4bef-42c1-a765-c938844b31f2	\N	NONE	f	\N	0	0	0	2026-03-29 06:37:08.231493+00	d71c97f9-4bef-42c1-a765-c938844b31f2	f	\N	\N	\N	f	t
58f52bcd-43e5-4cc6-9987-a1a3eb45348c	0x097890157DdfA019AcA0C0e42E2E577370707F41	bc0f4533	95d92e49-90ec-49ed-a127-a389b163f1e9	\N	NONE	f	\N	0	0	0	2026-03-30 18:23:33.517243+00	95d92e49-90ec-49ed-a127-a389b163f1e9	f	\N	\N	\N	t	f
744efbd6-4bfc-4d38-bee5-bef1ffab959f	0x4bBF560E91F82aDb7CaD48eFfA19B3E567bC4dEF	TEST_JR	ebb4abbe-b80c-44eb-b3fb-c041adbaccaa	\N	NONE	f	\N	0	0	0	2026-03-29 06:37:09.983033+00	ebb4abbe-b80c-44eb-b3fb-c041adbaccaa	f	\N	\N	\N	f	t
95d92e49-90ec-49ed-a127-a389b163f1e9	0xBD2dEcCf31453679db1E368D32175830Adaa6246	98aacbdf	781fa649-6196-4482-b748-6ddd97442673	\N	NONE	f	\N	0	0	0	2026-03-29 04:11:38.854331+00	781fa649-6196-4482-b748-6ddd97442673	f	\N	\N	\N	t	f
36c73055-482b-4bff-91c1-be401e8112d1	0xCe4835273A3a703aE8c0fC1eE5Cc0335635f9085	e51c54b2	a6eec854-39a6-442f-bfbd-899d272eac1c	\N	NONE	f	\N	0	0	0	2026-03-28 11:04:03.679023+00	a6eec854-39a6-442f-bfbd-899d272eac1c	f	\N	\N	\N	f	t
b9f6e8a6-6ae1-46a5-971e-f02b5fff7821	0xf9481D700c0C093F2867d975429ec69D4576B8AC	55a283dc	11f8cf5f-f563-4b3c-b7b0-ccd7460c4e1c	V2	MAX	t	2026-04-30 05:43:36.95+00	300	0	0	2026-03-31 02:50:08.968953+00	11f8cf5f-f563-4b3c-b7b0-ccd7460c4e1c	f	\N	\N	\N	t	t
f75a2484-92fb-424e-859f-d7d16bf40c5e	0x709735409947A5383B7262CA4eB61cc194d159da	f91a4358	e61a599a-293b-468f-ad35-3d1215923d33	\N	NONE	f	\N	0	0	0	2026-03-28 11:09:58.829418+00	e61a599a-293b-468f-ad35-3d1215923d33	f	\N	\N	\N	f	t
5807bc3f-6ac0-4a0b-bd5b-3e42d97a47a4	0x1824dC6C03E31fC9d415F132eD47DEc99f1174e4	7f53b4a0	20dd6350-9e91-4064-b2e4-7afbddc3f9cd	\N	NONE	f	\N	0	0	0	2026-03-29 04:02:11.956037+00	20dd6350-9e91-4064-b2e4-7afbddc3f9cd	f	\N	\N	\N	t	f
d7359a1a-fccd-43db-b5b4-5687952c52a5	0x883092E8D6655cfA118B7765511CC4aF9C8DFF1	FILL_M1_V1	555e111c-cd06-4f1f-831e-9837d8bb792a	\N	NONE	f	\N	0	0	0	2026-03-29 10:00:17.57419+00	555e111c-cd06-4f1f-831e-9837d8bb792a	f	\N	\N	\N	f	t
a45372fe-37be-489b-a188-17668c7d96ab	0xB1585413722b16038a54F14c0d2FA267C76Bcc05	0f1918e4	781fa649-6196-4482-b748-6ddd97442673	\N	NONE	f	\N	0	0	0	2026-03-29 04:07:51.263549+00	781fa649-6196-4482-b748-6ddd97442673	f	\N	\N	\N	t	f
3b244035-a84c-4543-89be-e4c382038b73	0xcf540060795D30760C03ecdE32281a8DD641FF3	FILL_B2_V3	e0673d28-fa7f-4cf5-b041-bbf0b83fcf5d	\N	NONE	f	\N	0	0	0	2026-03-29 10:00:29.894005+00	e0673d28-fa7f-4cf5-b041-bbf0b83fcf5d	f	\N	\N	\N	f	t
d5ac79c2-ad74-4f3c-80df-4e096bdbd641	0xAc318c4e57e783621885E34EE732f097E6394074	b8091743	11f8cf5f-f563-4b3c-b7b0-ccd7460c4e1c	\N	NONE	t	2026-04-05 04:19:32.237257+00	0	0	0	2026-03-29 04:19:23.310806+00	11f8cf5f-f563-4b3c-b7b0-ccd7460c4e1c	t	\N	\N	\N	t	f
e39e0e94-85d5-4e10-afd5-fe173f1cf07d	0x9179D6246cB78945eAD77D49440F13621B43B0Ec	ba3f8773	11f8cf5f-f563-4b3c-b7b0-ccd7460c4e1c	\N	NONE	f	\N	50	0	0	2026-03-28 13:37:51.674493+00	11f8cf5f-f563-4b3c-b7b0-ccd7460c4e1c	f	\N	\N	\N	t	f
0b4c3259-5563-479b-a185-6cd30a81f85d	0x0000000000000000000000000000000000000000	ROOT0001	\N	\N	NONE	f	\N	0	0	0	2026-03-19 07:57:31.884741+00	\N	f	\N	\N	\N	f	f
b2114bb1-85ca-4112-8e73-5d22473a5b08	0x5CD60f8aD8b7Fa14534FE98cC7e2f3196b3eFF4	FILL_B1_V4	d21824fd-db8b-472c-ab2d-39f88379341e	\N	NONE	f	\N	0	0	0	2026-03-29 10:00:34.60372+00	d21824fd-db8b-472c-ab2d-39f88379341e	f	\N	\N	\N	f	t
a2f1cbe8-d2db-4a49-bd72-bdd328fadbf1	0xcf540060795D30760C03ecdE32281a8DD641FF4	FILL_B2_V4	e0673d28-fa7f-4cf5-b041-bbf0b83fcf5d	\N	NONE	f	\N	0	0	0	2026-03-29 10:00:36.725753+00	e0673d28-fa7f-4cf5-b041-bbf0b83fcf5d	f	\N	\N	\N	f	t
6adffcdf-36c6-4149-bc6c-e8c8289d54ac	0x2Fb3Cf318cfd6fc64A05463E52Ed3475925D8ec6	8f586953	58f52bcd-43e5-4cc6-9987-a1a3eb45348c	\N	NONE	f	\N	0	0	0	2026-03-30 18:24:08.69685+00	58f52bcd-43e5-4cc6-9987-a1a3eb45348c	f	\N	\N	\N	t	f
58ba6bf4-6c97-4c4c-b2d5-5ec2a36cab49	0xTestC_ARefer_SelfPlace_CC	testc003	84ae644b-ba9d-44f5-a21d-409630401d4b	V1	NONE	f	\N	11000	0	93.348326880841636425	2026-03-28 05:12:12.517444+00	84ae644b-ba9d-44f5-a21d-409630401d4b	f	\N	\N	\N	f	f
f577ea16-920a-4e70-be2a-5b339f8202f4	0xTestD_ARefer_SelfPlace_DD	testd004	84ae644b-ba9d-44f5-a21d-409630401d4b	V1	NONE	f	\N	2000	0	93.348326880841636425	2026-03-28 05:12:12.748463+00	84ae644b-ba9d-44f5-a21d-409630401d4b	f	\N	\N	\N	f	f
bff8ef3c-eb9b-46b4-ac23-79343596c0c6	0xTestF_ERefer_SelfPlace_FF	testf006	220c82f4-0653-4d5a-ab2f-b78dd7ddfbda	V1	NONE	f	\N	6000	0	93.348326880841636425	2026-03-28 07:02:37.901304+00	220c82f4-0653-4d5a-ab2f-b78dd7ddfbda	f	\N	\N	\N	f	f
52a99770-0022-47c6-a027-bf5cd3dfcc85	0xd0B6c51E24f78A9bC53407eF8aD6B9cA4321fF5D	TEST_SG	220c82f4-0653-4d5a-ab2f-b78dd7ddfbda	V1	NONE	f	\N	0	0	93.348326880841636425	2026-03-29 06:26:30.663815+00	220c82f4-0653-4d5a-ab2f-b78dd7ddfbda	f	\N	\N	\N	f	t
220c82f4-0653-4d5a-ab2f-b78dd7ddfbda	0xTestE_YourRefer_SelfPlace_EE	teste005	11f8cf5f-f563-4b3c-b7b0-ccd7460c4e1c	V2	NONE	f	\N	200	0	386.158890686558564310	2026-03-28 07:02:16.263911+00	11f8cf5f-f563-4b3c-b7b0-ccd7460c4e1c	f	\N	\N	\N	f	t
45f36e0f-2548-4144-8f0e-0257030c534a	0x8bC9d04E35F26a7B1c4D82e9FA63B578901bC8dE	TEST_H1	d71c97f9-4bef-42c1-a765-c938844b31f2	V1	NONE	f	\N	0	0	97.991307277813269285	2026-03-29 06:37:06.222725+00	d71c97f9-4bef-42c1-a765-c938844b31f2	f	\N	\N	\N	f	t
cca63a48-6053-494b-a599-648785072c1e	0x0dEB126a57B48c9D3E6F04aBbC85D79A123dE0fA	TEST_H2	d71c97f9-4bef-42c1-a765-c938844b31f2	V1	NONE	f	\N	0	0	97.991307277813269285	2026-03-29 06:37:07.228999+00	d71c97f9-4bef-42c1-a765-c938844b31f2	f	\N	\N	\N	f	t
5448d8cf-b4a9-4186-b52d-c9a19a3bc9f9	0x5CD60f8aD8b7Fa14534FE98cC7e2f3196b3eFF5	FILL_B1_V5	d21824fd-db8b-472c-ab2d-39f88379341e	\N	NONE	f	\N	0	0	0	2026-03-29 10:00:41.520006+00	d21824fd-db8b-472c-ab2d-39f88379341e	f	\N	\N	\N	f	t
2ad1a4a8-9b74-4b00-b7a4-53f3dd7ad4c1	0xcf540060795D30760C03ecdE32281a8DD641FF5	FILL_B2_V5	e0673d28-fa7f-4cf5-b041-bbf0b83fcf5d	\N	NONE	f	\N	0	0	0	2026-03-29 10:00:43.642006+00	e0673d28-fa7f-4cf5-b041-bbf0b83fcf5d	f	\N	\N	\N	f	t
d89fdb3d-e2fe-4585-a914-4022f078cb53	0x29fEA1eED37936d1Be41622C8621de796327Bfc8	fbf83542	6adffcdf-36c6-4149-bc6c-e8c8289d54ac	\N	NONE	f	\N	0	0	0	2026-03-30 18:24:40.370247+00	6adffcdf-36c6-4149-bc6c-e8c8289d54ac	f	\N	\N	\N	t	f
b24d5725-1d4b-4b17-85a4-21b9da1f6aa8	0x4DD432D519db823Cf47202B51307433f4D8441F6	a9ccb6ea	57b38cea-e965-4cb3-82ae-a785635755ba	\N	NONE	f	\N	0	0	0	2026-03-29 06:13:00.376081+00	57b38cea-e965-4cb3-82ae-a785635755ba	f	\N	\N	\N	t	t
b69d6daf-6cf4-4e42-aefa-a0a2206d4214	0x5CD60f8aD8b7Fa14534FE98cC7e2f3196b3eFF6	FILL_B1_V6	d21824fd-db8b-472c-ab2d-39f88379341e	\N	NONE	f	\N	0	0	0	2026-03-29 10:00:48.454657+00	d21824fd-db8b-472c-ab2d-39f88379341e	f	\N	\N	\N	f	t
20dd6350-9e91-4064-b2e4-7afbddc3f9cd	0x50CfFd1c0a214Edee952741AcC2d118fe005c57b	fefcfaf9	11f8cf5f-f563-4b3c-b7b0-ccd7460c4e1c	\N	NONE	f	\N	0	0	0.1000000	2026-03-29 03:37:20.583861+00	11f8cf5f-f563-4b3c-b7b0-ccd7460c4e1c	f	\N	\N	\N	t	f
8500d986-daee-4aae-befb-d3a12a95b64d	0x571aB3b6138b12E4Cd0B6ef6659B1DFb8d28AA49	e669f66c	20dd6350-9e91-4064-b2e4-7afbddc3f9cd	\N	NONE	f	\N	0	0	0.0500000	2026-03-29 03:40:50.424103+00	20dd6350-9e91-4064-b2e4-7afbddc3f9cd	f	\N	\N	\N	t	f
781fa649-6196-4482-b748-6ddd97442673	0x92D8D3a10b9b899BDC0dDd18cbF7eE031eD6EA3e	82708750	8500d986-daee-4aae-befb-d3a12a95b64d	\N	NONE	f	\N	0	0	0.1000000	2026-03-29 04:05:46.694383+00	8500d986-daee-4aae-befb-d3a12a95b64d	f	\N	\N	\N	t	f
0e9a4640-8e7d-48b9-9b44-c0ec0a083640	0xcf540060795D30760C03ecdE32281a8DD641FF6	FILL_B2_V6	e0673d28-fa7f-4cf5-b041-bbf0b83fcf5d	\N	NONE	f	\N	0	0	0	2026-03-29 10:00:50.572808+00	e0673d28-fa7f-4cf5-b041-bbf0b83fcf5d	f	\N	\N	\N	f	t
5d44a9b6-261a-43c9-838e-fcdf69407423	0xa7E3f28B91c45D6e8920174bC5dA3E6f71089c2A	TEST_LC1	58ba6bf4-6c97-4c4c-b2d5-5ec2a36cab49	\N	NONE	f	\N	0	0	0	2026-03-29 06:26:29.215713+00	58ba6bf4-6c97-4c4c-b2d5-5ec2a36cab49	f	\N	\N	\N	f	t
b1c4b959-b009-43a9-a071-b90651652f8f	0xb8F4a39C02d56E7f9A31285cD6eB4F7a82190d3B	TEST_LD1	f577ea16-920a-4e70-be2a-5b339f8202f4	\N	NONE	f	\N	0	0	0	2026-03-29 06:26:29.717582+00	f577ea16-920a-4e70-be2a-5b339f8202f4	f	\N	\N	\N	f	t
80ba9776-2d39-4dab-b015-ab3f04f08e1a	0xc9A5b40D13e67F8aB42396dE7fC5A8b93210eE4C	TEST_LF1	bff8ef3c-eb9b-46b4-ac23-79343596c0c6	\N	NONE	f	\N	0	0	0	2026-03-29 06:26:30.193334+00	bff8ef3c-eb9b-46b4-ac23-79343596c0c6	f	\N	\N	\N	f	t
9cd4c3dd-a416-485b-9feb-b3238d736f55	0xe1C7d62F35a89BaCd64518fA9bE7CAdB5432a06E	TEST_LG1	52a99770-0022-47c6-a027-bf5cd3dfcc85	\N	NONE	f	\N	0	0	0	2026-03-29 06:26:31.223517+00	52a99770-0022-47c6-a027-bf5cd3dfcc85	f	\N	\N	\N	f	t
ea512e1e-10db-4d73-af2e-e73437eb5ebd	0xf2D8e73A46b90CbDe75629aB0cF8DBcE6543b17F	TEST_FE	220c82f4-0653-4d5a-ab2f-b78dd7ddfbda	\N	NONE	f	\N	0	0	0	2026-03-29 06:26:31.692194+00	220c82f4-0653-4d5a-ab2f-b78dd7ddfbda	f	\N	\N	\N	f	t
91b146a3-600c-4bcb-84f8-0b2a129f6478	0xa3B7c92D15E84f6A0b3C71d8E9F52A4678B01c3D	TEST_FILL_A	84ae644b-ba9d-44f5-a21d-409630401d4b	\N	NONE	f	\N	0	0	0	2026-03-29 06:29:01.795466+00	84ae644b-ba9d-44f5-a21d-409630401d4b	f	\N	\N	\N	f	t
d71c97f9-4bef-42c1-a765-c938844b31f2	0x7aB8c93D24E15f6A0b3C71d8E9F52A467890aB7C	TEST_H	84ae644b-ba9d-44f5-a21d-409630401d4b	V2	NONE	f	\N	0	0	359.895346729423279950	2026-03-29 06:37:05.676459+00	84ae644b-ba9d-44f5-a21d-409630401d4b	f	\N	\N	\N	f	t
fa282ed4-faf6-49e4-8c8a-b27ac2f15953	0xD6A62D2fbBfEC363DEA3D2E7D3cf0e271311e097	b58b137f	0b4c3259-5563-479b-a185-6cd30a81f85d	\N	NONE	f	\N	0	0	5.0328945726120705492610	2026-03-19 11:04:56.515818+00	0b4c3259-5563-479b-a185-6cd30a81f85d	f	\N	\N	\N	f	f
e05fa8c6-a662-4f67-b1d5-570a0c76c158	0x811259De4a585C1F643Aa215ECf14d8b8332a3b6	bd34df3d	abeb321b-2313-48f0-8edc-c151f5b48795	V2	MAX	f	\N	300	240.000	0	2026-03-30 18:26:26.223612+00	abeb321b-2313-48f0-8edc-c151f5b48795	f	\N	\N	\N	t	t
11f8cf5f-f563-4b3c-b7b0-ccd7460c4e1c	0x3070063A913AF0b676BAcdeea2F73DA415614f4f	c57245b1	fa282ed4-faf6-49e4-8c8a-b27ac2f15953	V3	MINI	t	2026-03-31 16:48:01.131791+00	550	0	18293.7819490362889635785815	2026-03-20 07:58:19.603012+00	fa282ed4-faf6-49e4-8c8a-b27ac2f15953	t	\N	\N	\N	f	t
67f491fc-05ff-44e9-b093-30a804d5bce5	0x2E43129dC1FfF1333709c3Ea14A0E64479f7F42b	1924f625	d89fdb3d-e2fe-4585-a914-4022f078cb53	\N	NONE	f	\N	0	0	0	2026-03-30 18:25:05.7819+00	d89fdb3d-e2fe-4585-a914-4022f078cb53	f	\N	\N	\N	t	f
e0673d28-fa7f-4cf5-b041-bbf0b83fcf5d	0xcf540060795D30760C03ecdE32281a8DD641BDd8	0d1f72bd	af2e2b5e-d56c-4f6e-a990-77ac8f721072	V2	NONE	f	\N	0	0	81095.007437607290299410	2026-03-28 11:08:02.291718+00	af2e2b5e-d56c-4f6e-a990-77ac8f721072	f	\N	\N	\N	f	t
af2e2b5e-d56c-4f6e-a990-77ac8f721072	0x6A38C45d599AB4B93935B321dD3Ba7462d7C00Fe	3a48edd7	11f8cf5f-f563-4b3c-b7b0-ccd7460c4e1c	V3	NONE	t	2026-04-05 12:19:40.627081+00	0	0	66018.150537275735224910	2026-03-28 11:00:35.132541+00	11f8cf5f-f563-4b3c-b7b0-ccd7460c4e1c	t	\N	\N	\N	f	t
d21824fd-db8b-472c-ab2d-39f88379341e	0x5CD60f8aD8b7Fa14534FE98cC7e2f3196b3e8Af1	0929eab8	af2e2b5e-d56c-4f6e-a990-77ac8f721072	V2	NONE	f	\N	0	0	81309.955320976655986205	2026-03-28 11:02:08.787168+00	af2e2b5e-d56c-4f6e-a990-77ac8f721072	f	\N	\N	\N	f	t
64257c82-8a59-47d2-a3fa-550dacf9d3eb	0x5426EB3c9e4390de5e96952d4F06462128005673	d9c6f827	67f491fc-05ff-44e9-b093-30a804d5bce5	\N	NONE	f	\N	0	0	0	2026-03-30 18:25:30.54949+00	67f491fc-05ff-44e9-b093-30a804d5bce5	f	\N	\N	\N	t	f
abeb321b-2313-48f0-8edc-c151f5b48795	0x2E9D6b78E9686EFca0E33109f49287e9567E7fE4	492ed023	64257c82-8a59-47d2-a3fa-550dacf9d3eb	\N	NONE	f	\N	0	0	0	2026-03-30 18:25:59.122714+00	64257c82-8a59-47d2-a3fa-550dacf9d3eb	f	\N	\N	\N	t	f
ebb4abbe-b80c-44eb-b3fb-c041adbaccaa	0x3aAE459D80E71fCa6B9C37dEeF08a2D456aB3cDE	TEST_J	84ae644b-ba9d-44f5-a21d-409630401d4b	V1	NONE	f	\N	0	0	108.656307277813269285	2026-03-29 06:37:09.480228+00	84ae644b-ba9d-44f5-a21d-409630401d4b	f	\N	\N	\N	f	t
84ae644b-ba9d-44f5-a21d-409630401d4b	0xTestA_DirectReferral_SelfPlace_AA	testa001	11f8cf5f-f563-4b3c-b7b0-ccd7460c4e1c	V2	NONE	f	\N	200	0	643.75679476829076971100	2026-03-28 05:11:57.137519+00	11f8cf5f-f563-4b3c-b7b0-ccd7460c4e1c	f	\N	\N	\N	f	t
3127ad8e-4709-4996-9943-c99328786cd7	0x0Fde18DE928945C7a14DF5a000C668D448494703	f1fb5366	d21824fd-db8b-472c-ab2d-39f88379341e	V1	NONE	f	\N	0	0	106.792103890695265245	2026-03-29 06:08:48.082737+00	d21824fd-db8b-472c-ab2d-39f88379341e	f	\N	\N	\N	t	t
7849c911-c417-450a-914e-1f46f4f27cab	0x5b717C109cB476fC1Acbdbd3d657732921882900	a92b2b98	e05fa8c6-a662-4f67-b1d5-570a0c76c158	\N	NONE	f	\N	0	0	0	2026-03-30 18:26:58.790872+00	e05fa8c6-a662-4f67-b1d5-570a0c76c158	f	\N	\N	\N	t	f
57b38cea-e965-4cb3-82ae-a785635755ba	0x6765A10032A633B27F105664a9585B466A9FB789	44d4bd23	e0673d28-fa7f-4cf5-b041-bbf0b83fcf5d	V1	NONE	f	\N	0	0	106.792103890695265245	2026-03-29 06:11:49.338787+00	e0673d28-fa7f-4cf5-b041-bbf0b83fcf5d	f	\N	\N	\N	t	t
a6eec854-39a6-442f-bfbd-899d272eac1c	0xEbe871722b2eF7821f4158D224023bF4242D4438	056322a3	07246fd8-8899-43d4-9b91-554748b0ec3f	V1	NONE	f	\N	0	0	53.396051945347632615	2026-03-28 11:03:41.275862+00	07246fd8-8899-43d4-9b91-554748b0ec3f	f	\N	\N	\N	f	t
07246fd8-8899-43d4-9b91-554748b0ec3f	0xB1f53AE569A4a663acA2BE188a378141b1BdA219	47c0f4cb	d21824fd-db8b-472c-ab2d-39f88379341e	V1	NONE	f	\N	0	0	108.62197228887351966550	2026-03-28 11:03:13.466311+00	d21824fd-db8b-472c-ab2d-39f88379341e	f	\N	\N	\N	f	t
e61a599a-293b-468f-ad35-3d1215923d33	0x9Ec3f1186C5ebc1e32c004C1E7D8539a931c2eFA	73707a28	6de31a78-cca6-49ff-bfd9-a8766678f9ed	V1	NONE	f	\N	0	0	53.396051945347632615	2026-03-28 11:09:26.796439+00	6de31a78-cca6-49ff-bfd9-a8766678f9ed	f	\N	\N	\N	f	t
6de31a78-cca6-49ff-bfd9-a8766678f9ed	0x11803966d12c10280F71C7510E558341E896B7ba	81c257a4	e0673d28-fa7f-4cf5-b041-bbf0b83fcf5d	V1	NONE	f	\N	0	0	108.62197228887351966550	2026-03-28 11:09:04.247857+00	e0673d28-fa7f-4cf5-b041-bbf0b83fcf5d	f	\N	\N	\N	f	t
555e111c-cd06-4f1f-831e-9837d8bb792a	0x883092E8D6655cfA118B7765511CC4aF9C8D7D79	cb28c2e4	d21824fd-db8b-472c-ab2d-39f88379341e	V1	NONE	f	\N	0	0	71.194735927130176830	2026-03-29 06:09:15.009072+00	d21824fd-db8b-472c-ab2d-39f88379341e	f	\N	\N	\N	t	t
8e8cb22e-067b-4cb0-a2c1-b63f97657617	0xD8F565194C97F93169312f812D9eC9B7A10f88E6	95963bcb	e0673d28-fa7f-4cf5-b041-bbf0b83fcf5d	V1	NONE	f	\N	0	0	284.778943708520707305	2026-03-29 06:12:06.285118+00	e0673d28-fa7f-4cf5-b041-bbf0b83fcf5d	f	\N	\N	\N	t	t
\.


--
-- Data for Name: node_memberships; Type: TABLE DATA; Schema: public; Owner: postgres
--

COPY public.node_memberships (id, user_id, node_type, price, status, start_date, end_date, payment_mode, deposit_amount, milestone_stage, total_milestones, earnings_capacity, contribution_amount, frozen_amount, daily_rate, locked_earnings, released_earnings, available_balance, duration_days, tx_hash, created_at, activated_rank, earnings_paused, destroyed_earnings, frozen_unlocked, activated_at) FROM stdin;
efb179a0-d9b0-4486-bc59-bd68c5052c7b	11f8cf5f-f563-4b3c-b7b0-ccd7460c4e1c	MINI	1100	PENDING_MILESTONES	2025-12-28 22:50:42.316626+00	2026-06-26 14:06:20.600366+00	FULL	100	1	2	1.0	100	1000	0.009	36.000	270	270	\N	\N	2026-03-28 14:06:20.600366+00	V3	f	810	f	2025-12-28 22:50:42.316626+00
dd0d28d1-3635-4f26-a4db-f63fac5a7a42	11f8cf5f-f563-4b3c-b7b0-ccd7460c4e1c	MAX	1100	PENDING_MILESTONES	2026-03-13 22:50:39.039197+00	2026-07-26 22:49:40.84173+00	FULL	600	0	4	1.0	600	6000	0.009	0	324.000	324.000	\N	\N	2026-03-29 22:49:40.84173+00	V3	f	0	f	2026-03-13 22:50:39.039197+00
cb76c76c-ae11-4ac3-8c43-091e2f503239	e05fa8c6-a662-4f67-b1d5-570a0c76c158	MAX	6600	PENDING_MILESTONES	2026-03-30 20:10:04.863+00	2026-07-28 20:10:04.863+00	FULL	600	0	4	1	600	6000	0.009	0	0	0	\N	\N	2026-03-30 20:10:05.134813+00	V2	f	0	f	2026-03-30 20:12:48.02964+00
7d688135-4dac-4c9b-8de4-83bdec4b4e61	b9f6e8a6-6ae1-46a5-971e-f02b5fff7821	MAX	6600	PENDING_MILESTONES	2026-03-31 04:57:40.349781+00	2026-07-29 04:57:40.349781+00	FULL	600	0	4	1.0	600	6000	0.009	0	0	0	\N	\N	2026-03-31 04:57:40.349781+00	V2	f	0	f	2026-03-31 05:39:00.968547+00
\.


--
-- Data for Name: node_rewards; Type: TABLE DATA; Schema: public; Owner: postgres
--

COPY public.node_rewards (id, user_id, reward_type, amount, details, created_at) FROM stdin;
796f3107-f8a5-45c9-a2fb-cafa4ac06322	11f8cf5f-f563-4b3c-b7b0-ccd7460c4e1c	FIXED_YIELD	9.000	{"day": 92, "status": "LOCKED", "tx_ids": ["19088ddb-04e2-4f9d-9317-30cf452983b9"], "ma_price": 0.99, "ma_minted": 318.1818181818182, "node_type": "MINI", "daily_rate": 0.009, "processed_at": "2026-03-31T05:55:09.755Z", "frozen_amount": 1000, "on_chain_processed": true}	2026-03-31 05:47:06.927926+00
91ed577e-6845-4eec-adee-64fa9599c629	11f8cf5f-f563-4b3c-b7b0-ccd7460c4e1c	FIXED_YIELD	54.000	{"day": 17, "status": "RELEASED", "tx_ids": ["19088ddb-04e2-4f9d-9317-30cf452983b9"], "ma_price": 0.99, "ma_minted": 318.1818181818182, "node_type": "MAX", "daily_rate": 0.009, "processed_at": "2026-03-31T05:55:10.020Z", "frozen_amount": 6000, "on_chain_processed": true}	2026-03-31 05:47:06.927926+00
d939ba39-cbda-4fcc-868f-190857e4a1ef	11f8cf5f-f563-4b3c-b7b0-ccd7460c4e1c	TEAM_COMMISSION	0.2731	{"type": "direct_referral", "depth": 1, "source_user": "b9f6e8a6-6ae1-46a5-971e-f02b5fff7821"}	2026-03-31 06:20:49.691231+00
6f1da834-c36d-4414-a092-7698653c9c82	11f8cf5f-f563-4b3c-b7b0-ccd7460c4e1c	FIXED_YIELD	54.000	{"day": 17, "status": "RELEASED", "tx_ids": ["19088ddb-04e2-4f9d-9317-30cf452983b9"], "ma_price": 0.99, "ma_minted": 318.1818181818182, "node_type": "MAX", "daily_rate": 0.009, "processed_at": "2026-03-31T05:55:10.289Z", "frozen_amount": 6000, "on_chain_processed": true}	2026-03-31 05:54:24.724904+00
f254359c-508a-4485-a5f2-96e76e66116b	11f8cf5f-f563-4b3c-b7b0-ccd7460c4e1c	FIXED_YIELD	9.000	{"day": 92, "status": "LOCKED", "tx_ids": ["19088ddb-04e2-4f9d-9317-30cf452983b9"], "ma_price": 0.99, "ma_minted": 318.1818181818182, "node_type": "MINI", "daily_rate": 0.009, "processed_at": "2026-03-31T05:55:10.556Z", "frozen_amount": 1000, "on_chain_processed": true}	2026-03-31 05:54:24.724904+00
7d3c1c08-95be-4159-8fe5-39d285b25649	11f8cf5f-f563-4b3c-b7b0-ccd7460c4e1c	FIXED_YIELD	54.000	{"day": 17, "status": "RELEASED", "tx_ids": ["19088ddb-04e2-4f9d-9317-30cf452983b9"], "ma_price": 0.99, "ma_minted": 318.1818181818182, "node_type": "MAX", "daily_rate": 0.009, "processed_at": "2026-03-31T05:55:10.896Z", "frozen_amount": 6000, "on_chain_processed": true}	2026-03-31 05:55:01.953548+00
03e5ba31-58a9-4863-b17b-e2e864fcfa8d	11f8cf5f-f563-4b3c-b7b0-ccd7460c4e1c	FIXED_YIELD	9.000	{"day": 92, "status": "LOCKED", "tx_ids": ["19088ddb-04e2-4f9d-9317-30cf452983b9"], "ma_price": 0.99, "ma_minted": 318.1818181818182, "node_type": "MINI", "daily_rate": 0.009, "processed_at": "2026-03-31T05:55:11.158Z", "frozen_amount": 1000, "on_chain_processed": true}	2026-03-31 05:55:01.953548+00
d1e6f5fc-f2b5-455e-9d6f-efde0b1052d2	11f8cf5f-f563-4b3c-b7b0-ccd7460c4e1c	FIXED_YIELD	9.000	{"day": 1, "status": "LOCKED", "tx_ids": ["d72ce620-606a-40fb-953a-1b4e3c96c492"], "ma_price": 0.591998, "ma_minted": 15.202754063358322, "node_type": "MINI", "daily_rate": 0.009, "processed_at": "2026-03-29T21:57:16.156Z", "frozen_amount": 1000, "on_chain_processed": true}	2026-03-29 21:57:13.861797+00
9336f0f3-9f62-47b1-b0e6-17f6df4f0247	11f8cf5f-f563-4b3c-b7b0-ccd7460c4e1c	FIXED_YIELD	54.000	{"day": 1, "status": "RELEASED", "tx_ids": ["19088ddb-04e2-4f9d-9317-30cf452983b9"], "ma_price": 0.99, "ma_minted": 318.1818181818182, "node_type": "MAX", "daily_rate": 0.009, "processed_at": "2026-03-31T05:55:08.664Z", "frozen_amount": 6000, "on_chain_processed": true}	2026-03-29 22:49:42.137295+00
56b19e04-ab99-4491-8bc7-ef914dccd311	11f8cf5f-f563-4b3c-b7b0-ccd7460c4e1c	FIXED_YIELD	9.000	{"day": 1, "status": "LOCKED", "tx_ids": ["19088ddb-04e2-4f9d-9317-30cf452983b9"], "ma_price": 0.99, "ma_minted": 318.1818181818182, "node_type": "MINI", "daily_rate": 0.009, "processed_at": "2026-03-31T05:55:08.933Z", "frozen_amount": 1000, "on_chain_processed": true}	2026-03-29 22:49:42.137295+00
5b9c6f34-ab97-4771-9701-1d54e442817d	11f8cf5f-f563-4b3c-b7b0-ccd7460c4e1c	FIXED_YIELD	54.000	{"day": 1, "status": "RELEASED", "tx_ids": ["19088ddb-04e2-4f9d-9317-30cf452983b9"], "ma_price": 0.99, "ma_minted": 318.1818181818182, "node_type": "MAX", "daily_rate": 0.009, "processed_at": "2026-03-31T05:55:09.212Z", "frozen_amount": 6000, "on_chain_processed": true}	2026-03-29 22:49:46.457712+00
0a551ccb-52eb-49b2-9141-c4242fa241bf	11f8cf5f-f563-4b3c-b7b0-ccd7460c4e1c	FIXED_YIELD	9.000	{"day": 1, "status": "LOCKED", "tx_ids": ["19088ddb-04e2-4f9d-9317-30cf452983b9"], "ma_price": 0.99, "ma_minted": 318.1818181818182, "node_type": "MINI", "daily_rate": 0.009, "processed_at": "2026-03-31T05:55:09.479Z", "frozen_amount": 1000, "on_chain_processed": true}	2026-03-29 22:49:46.457712+00
5fde0ca4-60bd-41ea-8442-f021112c0d1e	11f8cf5f-f563-4b3c-b7b0-ccd7460c4e1c	FIXED_YIELD	9.000	{"day": 92, "status": "LOCKED", "node_type": "MINI", "daily_rate": 0.009, "frozen_amount": 1000}	2026-03-31 06:00:48.795452+00
4220337d-95d7-4839-a09b-e96575e84797	11f8cf5f-f563-4b3c-b7b0-ccd7460c4e1c	FIXED_YIELD	54.000	{"day": 17, "status": "RELEASED", "node_type": "MAX", "daily_rate": 0.009, "frozen_amount": 6000}	2026-03-31 06:00:48.795452+00
\.


--
-- Data for Name: transactions; Type: TABLE DATA; Schema: public; Owner: postgres
--

COPY public.transactions (id, user_id, type, token, amount, tx_hash, status, details, created_at) FROM stdin;
65861d1d-af53-4f9a-b288-4d6c7a52a2ee	d560ef50-b142-4ce0-a865-9b4212cfe8ff	VIP_PURCHASE	USDT	0	trial_d560ef50-b142-4ce0-a865-9b4212cfe8ff	COMPLETED	{"days": 7, "plan": "trial"}	2026-03-24 14:29:32.312104+00
0a66374b-3e30-46db-8e7e-691869f3bd34	11f8cf5f-f563-4b3c-b7b0-ccd7460c4e1c	VIP_PURCHASE	USDT	0	trial_11f8cf5f-f563-4b3c-b7b0-ccd7460c4e1c	COMPLETED	{"days": 7, "plan": "trial"}	2026-03-24 16:48:01.131791+00
a9ad0cd3-07d0-4453-9885-a04503480d9f	11f8cf5f-f563-4b3c-b7b0-ccd7460c4e1c	VAULT_DEPOSIT	USDT	50	0x5d3c30be7dbfa3f126a7dd0f93566467a3ea9edf053e924d8b4e4c4235f40621	COMPLETED	{"days": 5, "plan": "5_DAYS", "daily_rate": 0.005}	2026-03-27 11:02:17.703405+00
36541a12-ab02-4f44-9acc-f6aec04c07f8	11f8cf5f-f563-4b3c-b7b0-ccd7460c4e1c	YIELD_CLAIM	MA	0.42	ebc10e72-cd4f-4318-9650-497e951bd8e4	COMPLETED	{"burnMA": 0.084, "maPrice": 0.591998, "planDays": 0, "yieldUsd": 0.25, "planIndex": 4, "releaseMA": 0.336}	2026-03-28 03:47:04.847243+00
c1caad95-030b-47d5-a11e-db3e8805c5c7	11f8cf5f-f563-4b3c-b7b0-ccd7460c4e1c	YIELD_CLAIM	MA	19.93	db839fb1-08bf-4731-a978-9c044dfe3cec	COMPLETED	{"burnMA": 3.986, "maPrice": 0.591998, "planDays": 0, "yieldUsd": 11.799999999999999, "planIndex": 4, "releaseMA": 15.944}	2026-03-28 08:32:48.851203+00
fb0e585a-31d0-402c-8110-0350c62b7467	e39e0e94-85d5-4e10-afd5-fe173f1cf07d	BONUS_GRANT	USDT	500	bonus_e39e0e94-85d5-4e10-afd5-fe173f1cf07d	COMPLETED	{"days": 5, "type": "registration_bonus", "amount": 500, "sequence": 1, "yield_locked": true}	2026-03-28 13:37:51.674493+00
e551b1ea-ce7f-4128-a32a-c0fcc60bc7b3	11f8cf5f-f563-4b3c-b7b0-ccd7460c4e1c	NODE_PURCHASE	USDC	1000	0xbbb3f8689c8f713dd4658f1fae2463cfd2e870d6025e58aafa93565d917f39dc	CONFIRMED	{"frozen": 1000, "node_type": "MINI", "contribution": 100}	2026-03-28 14:06:20.600366+00
632a0560-665d-4dd1-a8eb-b756c2c352ba	20dd6350-9e91-4064-b2e4-7afbddc3f9cd	BONUS_GRANT	USDT	500	bonus_20dd6350-9e91-4064-b2e4-7afbddc3f9cd	COMPLETED	{"days": 5, "type": "registration_bonus", "amount": 500, "sequence": 2, "yield_locked": true}	2026-03-29 03:37:20.583861+00
87733bfd-2887-4b41-b5ca-9b8db2031224	8500d986-daee-4aae-befb-d3a12a95b64d	BONUS_GRANT	USDT	500	bonus_8500d986-daee-4aae-befb-d3a12a95b64d	COMPLETED	{"days": 5, "type": "registration_bonus", "amount": 500, "sequence": 3, "yield_locked": true}	2026-03-29 03:40:50.424103+00
d82972c5-0538-4a9d-82fe-26bb1fad9317	5807bc3f-6ac0-4a0b-bd5b-3e42d97a47a4	BONUS_GRANT	USDT	500	bonus_5807bc3f-6ac0-4a0b-bd5b-3e42d97a47a4	COMPLETED	{"days": 5, "type": "registration_bonus", "amount": 500, "sequence": 4, "yield_locked": true}	2026-03-29 04:02:11.956037+00
4b897cc4-1409-47ab-93eb-e131286fdcd0	781fa649-6196-4482-b748-6ddd97442673	BONUS_GRANT	USDT	500	bonus_781fa649-6196-4482-b748-6ddd97442673	COMPLETED	{"days": 5, "type": "registration_bonus", "amount": 500, "sequence": 5, "yield_locked": true}	2026-03-29 04:05:46.694383+00
160ead02-1fbe-4d27-80bb-d8461899a354	a45372fe-37be-489b-a188-17668c7d96ab	BONUS_GRANT	USDT	500	bonus_a45372fe-37be-489b-a188-17668c7d96ab	COMPLETED	{"days": 5, "type": "registration_bonus", "amount": 500, "sequence": 6, "yield_locked": true}	2026-03-29 04:07:51.263549+00
8b3e77a7-78dc-4c02-9ba2-c1f37fec8609	95d92e49-90ec-49ed-a127-a389b163f1e9	BONUS_GRANT	USDT	500	bonus_95d92e49-90ec-49ed-a127-a389b163f1e9	COMPLETED	{"days": 5, "type": "registration_bonus", "amount": 500, "sequence": 7, "yield_locked": true}	2026-03-29 04:11:38.854331+00
da5e2b60-2008-4628-b4d8-4246804662c1	d5ac79c2-ad74-4f3c-80df-4e096bdbd641	BONUS_GRANT	USDT	500	bonus_d5ac79c2-ad74-4f3c-80df-4e096bdbd641	COMPLETED	{"days": 5, "type": "registration_bonus", "amount": 500, "sequence": 8, "yield_locked": true}	2026-03-29 04:19:23.310806+00
d93c482a-cc2a-4fc7-937c-a99b457292df	d5ac79c2-ad74-4f3c-80df-4e096bdbd641	VIP_PURCHASE	USDT	0	trial_d5ac79c2-ad74-4f3c-80df-4e096bdbd641	COMPLETED	{"days": 7, "plan": "trial"}	2026-03-29 04:19:32.237257+00
5fefce09-c470-4023-a5e4-e973ffabadd0	e39e0e94-85d5-4e10-afd5-fe173f1cf07d	VAULT_DEPOSIT	USDT	50	0x8baa7d307adabc186d6034519351fa6bb1071f03ba821d3c91d2bd71c6165f9e	COMPLETED	{"days": 5, "plan": "5_DAYS", "ma_price": 0.6, "ma_minted": 83.33333333333334, "daily_rate": 0.005}	2026-03-29 04:45:32.200403+00
f5105625-88fb-4bc1-a06d-f805da577380	3127ad8e-4709-4996-9943-c99328786cd7	BONUS_GRANT	USDT	500	bonus_3127ad8e-4709-4996-9943-c99328786cd7	COMPLETED	{"days": 5, "type": "registration_bonus", "amount": 500, "sequence": 9, "yield_locked": true}	2026-03-29 06:08:48.082737+00
da660ddc-169e-47d9-b71b-919405633ade	555e111c-cd06-4f1f-831e-9837d8bb792a	BONUS_GRANT	USDT	500	bonus_555e111c-cd06-4f1f-831e-9837d8bb792a	COMPLETED	{"days": 5, "type": "registration_bonus", "amount": 500, "sequence": 10, "yield_locked": true}	2026-03-29 06:09:15.009072+00
ec158a1b-06dd-4860-89cb-3ff52c3a615e	d2342aaf-608b-4cb7-a37e-62d7e66480c2	BONUS_GRANT	USDT	500	bonus_d2342aaf-608b-4cb7-a37e-62d7e66480c2	COMPLETED	{"days": 5, "type": "registration_bonus", "amount": 500, "sequence": 11, "yield_locked": true}	2026-03-29 06:10:06.067991+00
cabc1834-f210-4e2d-9fdc-40e4fd55eba7	57b38cea-e965-4cb3-82ae-a785635755ba	BONUS_GRANT	USDT	500	bonus_57b38cea-e965-4cb3-82ae-a785635755ba	COMPLETED	{"days": 5, "type": "registration_bonus", "amount": 500, "sequence": 12, "yield_locked": true}	2026-03-29 06:11:49.338787+00
df111e13-bed5-4277-87e9-6fe16e2cb4d7	8e8cb22e-067b-4cb0-a2c1-b63f97657617	BONUS_GRANT	USDT	500	bonus_8e8cb22e-067b-4cb0-a2c1-b63f97657617	COMPLETED	{"days": 5, "type": "registration_bonus", "amount": 500, "sequence": 13, "yield_locked": true}	2026-03-29 06:12:06.285118+00
227e5f37-e2c8-4af7-9442-525a194078bf	b24d5725-1d4b-4b17-85a4-21b9da1f6aa8	BONUS_GRANT	USDT	500	bonus_b24d5725-1d4b-4b17-85a4-21b9da1f6aa8	COMPLETED	{"days": 5, "type": "registration_bonus", "amount": 500, "sequence": 14, "yield_locked": true}	2026-03-29 06:13:00.376081+00
26cf8cb6-6533-4617-bc28-0e3c9b9afe60	11f8cf5f-f563-4b3c-b7b0-ccd7460c4e1c	YIELD_CLAIM	MA	26.5	yield_1774768548782	COMPLETED	{"burnMA": 5.3, "maPrice": 0.591998, "planDays": 0, "yieldUsd": 15.9, "planIndex": 4, "releaseMA": 21.2}	2026-03-29 07:15:48.935799+00
a8557783-a09e-4db8-9adf-e9399e968e09	af2e2b5e-d56c-4f6e-a990-77ac8f721072	VIP_PURCHASE	USDT	0	trial_af2e2b5e-d56c-4f6e-a990-77ac8f721072	COMPLETED	{"days": 7, "plan": "trial"}	2026-03-29 12:19:40.627081+00
3d927620-89d0-4382-9dcd-61d556df052a	11f8cf5f-f563-4b3c-b7b0-ccd7460c4e1c	VAULT_DEPOSIT	USDT	50	0x8045644e88e869a151be033ceab04a738e8882165356fae8181037972e833218	COMPLETED	{"days": 5, "plan": "5_DAYS", "ma_price": 0.6, "ma_minted": 83.33333333333334, "daily_rate": 0.005}	2026-03-30 03:47:19.912885+00
8cd3ff30-c27f-43e0-b474-eb05b3444c22	fe0cc49e-cc48-4695-9d6c-d9a4862c21a7	BONUS_GRANT	USDT	500	bonus_fe0cc49e-cc48-4695-9d6c-d9a4862c21a7	COMPLETED	{"days": 5, "type": "registration_bonus", "amount": 500, "sequence": 15, "yield_locked": true}	2026-03-30 08:00:11.437897+00
ccde747a-0163-4148-96e1-2fb9598f5f46	14e02774-8013-4ccf-919c-40a97c6549e3	VIP_PURCHASE	USDT	0	trial_14e02774-8013-4ccf-919c-40a97c6549e3	COMPLETED	{"days": 7, "plan": "trial"}	2026-03-30 08:08:39.526174+00
0824aab8-382d-428f-8a78-1ee438f082d0	58f52bcd-43e5-4cc6-9987-a1a3eb45348c	BONUS_GRANT	USDT	500	bonus_58f52bcd-43e5-4cc6-9987-a1a3eb45348c	COMPLETED	{"days": 5, "type": "registration_bonus", "amount": 500, "sequence": 16, "yield_locked": true}	2026-03-30 18:23:33.517243+00
9cb41c7f-343f-409b-8130-5f6adf7f3c68	6adffcdf-36c6-4149-bc6c-e8c8289d54ac	BONUS_GRANT	USDT	500	bonus_6adffcdf-36c6-4149-bc6c-e8c8289d54ac	COMPLETED	{"days": 5, "type": "registration_bonus", "amount": 500, "sequence": 17, "yield_locked": true}	2026-03-30 18:24:08.69685+00
d69b1897-bfab-4a29-977c-36d3252367bb	d89fdb3d-e2fe-4585-a914-4022f078cb53	BONUS_GRANT	USDT	500	bonus_d89fdb3d-e2fe-4585-a914-4022f078cb53	COMPLETED	{"days": 5, "type": "registration_bonus", "amount": 500, "sequence": 18, "yield_locked": true}	2026-03-30 18:24:40.370247+00
45fdce53-79b2-4750-af2a-911730736107	67f491fc-05ff-44e9-b093-30a804d5bce5	BONUS_GRANT	USDT	500	bonus_67f491fc-05ff-44e9-b093-30a804d5bce5	COMPLETED	{"days": 5, "type": "registration_bonus", "amount": 500, "sequence": 19, "yield_locked": true}	2026-03-30 18:25:05.7819+00
0f4355b1-6a1a-4313-b37f-3d3612092dc9	64257c82-8a59-47d2-a3fa-550dacf9d3eb	BONUS_GRANT	USDT	500	bonus_64257c82-8a59-47d2-a3fa-550dacf9d3eb	COMPLETED	{"days": 5, "type": "registration_bonus", "amount": 500, "sequence": 20, "yield_locked": true}	2026-03-30 18:25:30.54949+00
bb1084c2-6fd3-4ae2-95e1-f4644f9ff8ae	abeb321b-2313-48f0-8edc-c151f5b48795	BONUS_GRANT	USDT	500	bonus_abeb321b-2313-48f0-8edc-c151f5b48795	COMPLETED	{"days": 5, "type": "registration_bonus", "amount": 500, "sequence": 21, "yield_locked": true}	2026-03-30 18:25:59.122714+00
295cfe16-0352-4307-85f9-7e157aa11946	e05fa8c6-a662-4f67-b1d5-570a0c76c158	BONUS_GRANT	USDT	500	bonus_e05fa8c6-a662-4f67-b1d5-570a0c76c158	COMPLETED	{"days": 5, "type": "registration_bonus", "amount": 500, "sequence": 22, "yield_locked": true}	2026-03-30 18:26:26.223612+00
98bdb5ec-752e-4c8a-abec-55a6f5efc574	7849c911-c417-450a-914e-1f46f4f27cab	BONUS_GRANT	USDT	500	bonus_7849c911-c417-450a-914e-1f46f4f27cab	COMPLETED	{"days": 5, "type": "registration_bonus", "amount": 500, "sequence": 23, "yield_locked": true}	2026-03-30 18:26:58.790872+00
9bd04584-a7ec-4d87-8f95-456c915818a4	e05fa8c6-a662-4f67-b1d5-570a0c76c158	VAULT_DEPOSIT	USDT	1000	manual_deposit_1774897185064	COMPLETED	{"days": 90, "plan": "90_DAYS", "manual": true, "daily_rate": 0.009}	2026-03-30 18:59:45.266341+00
d93344dd-4db3-4a36-936b-85eee3ff4b14	95d92e49-90ec-49ed-a127-a389b163f1e9	YIELD_CLAIM	MA	2.73407809620674	ece55ec4-28ad-4057-8ab3-54cf289b6ebc	COMPLETED	{"burnMA": 0.4101117144310111, "maPrice": 0.914385, "planDays": 7, "yieldUsd": 2.5, "planIndex": 3, "releaseMA": 2.3239663817757292}	2026-03-30 20:01:19.390833+00
6191edf5-0704-4fb5-b27d-595c53a0ef84	e05fa8c6-a662-4f67-b1d5-570a0c76c158	NODE_PURCHASE	USDC	6600	manual_node_1774901405541	CONFIRMED	{"frozen": 6000, "node_type": "MAX", "contribution": 600}	2026-03-30 20:10:05.700031+00
578f7fc0-a000-4b92-b4b8-4856e92ce2c7	e05fa8c6-a662-4f67-b1d5-570a0c76c158	VAULT_DEPOSIT	USDT	300	manual_deposit_1774901568663	COMPLETED	{"days": 90, "plan": "90_DAYS", "daily_rate": 0.009}	2026-03-30 20:12:48.858652+00
3f0ea13e-7e61-4f29-a1ca-8fabc343dab7	e05fa8c6-a662-4f67-b1d5-570a0c76c158	WITHDRAW	USDC	240.000000	\N	CONFIRMED	{}	2026-03-30 20:15:24.464775+00
96b77965-9440-49f7-8c2b-93cb2df38d0f	b9f6e8a6-6ae1-46a5-971e-f02b5fff7821	BONUS_GRANT	USDT	500	bonus_b9f6e8a6-6ae1-46a5-971e-f02b5fff7821	COMPLETED	{"days": 5, "type": "registration_bonus", "amount": 500, "sequence": 24, "yield_locked": true}	2026-03-31 02:50:08.968953+00
0931cad9-09c6-40d1-8c59-18322fb756ef	b9f6e8a6-6ae1-46a5-971e-f02b5fff7821	VAULT_DEPOSIT	USDT	300	0xfd62f406bd06170073d28ae4659134cb3ba839cf936f281a28d44cae6cbce383	COMPLETED	{"days": 90, "plan": "90_DAYS", "ma_price": 0.99, "ma_minted": 303.03030303030306, "daily_rate": 0.009}	2026-03-31 05:39:01.478083+00
d2e6a435-ddb8-4131-a475-d2c9a1f30e1d	b9f6e8a6-6ae1-46a5-971e-f02b5fff7821	VIP_PURCHASE	USDT	49	\N	COMPLETED	{"plan": "monthly", "manual": true}	2026-03-31 05:43:37.348021+00
d9a38714-2d32-4348-aefb-223a7bb80c50	b9f6e8a6-6ae1-46a5-971e-f02b5fff7821	NODE_PURCHASE	USDT	600	0x275937bd588eca6bec3e18d270ad0c79cbeae3bdaeca97a5496ca53a9d20c6a1	CONFIRMED	{"frozen": 6000, "node_type": "MAX", "contribution": 600}	2026-03-31 04:57:40.349781+00
7e4ddfce-f0ea-4661-98af-83d7505f8df8	b9f6e8a6-6ae1-46a5-971e-f02b5fff7821	YIELD_CLAIM	MA	5.26	0x23875b226ab596685c64c35529f218f9b05fceed49d3d8ff4275d2a51d7bad0c	COMPLETED	{"burnMA": 1.05, "maPrice": 1, "planDays": 0, "planIndex": 4, "releaseMA": 4.21}	2026-03-31 06:13:53.855948+00
\.


--
-- Data for Name: vault_positions; Type: TABLE DATA; Schema: public; Owner: postgres
--

COPY public.vault_positions (id, user_id, plan_type, principal, daily_rate, start_date, end_date, status, created_at, is_bonus, bonus_yield_locked) FROM stdin;
50e5db0c-2374-4ace-88dd-f6b755af5702	11f8cf5f-f563-4b3c-b7b0-ccd7460c4e1c	5_DAYS	50	0.005	2026-03-27 00:00:00+00	2026-04-01 00:00:00+00	ACTIVE	2026-03-27 11:02:17.703405+00	f	f
5b0b6ab2-3640-4690-8174-b834ae3e3274	11f8cf5f-f563-4b3c-b7b0-ccd7460c4e1c	45_DAYS	100	0.007	2026-03-25 00:00:00+00	2026-05-09 00:00:00+00	ACTIVE	2026-03-28 05:12:35.220639+00	f	f
9c1ba29a-9072-4ce8-8d07-f066452cc832	84ae644b-ba9d-44f5-a21d-409630401d4b	45_DAYS	200	0.007	2026-03-25 00:00:00+00	2026-05-09 00:00:00+00	ACTIVE	2026-03-28 05:12:35.71216+00	f	f
1033b8e2-5f27-4cd0-b2a6-02cfa262039f	d48b5e51-c701-4fda-a88e-cff08ea17e86	90_DAYS	1500	0.009	2026-03-25 00:00:00+00	2026-06-23 00:00:00+00	ACTIVE	2026-03-28 05:12:36.196885+00	f	f
397c68a3-5b1d-434e-8f9c-db983798428c	58ba6bf4-6c97-4c4c-b2d5-5ec2a36cab49	180_DAYS	3000	0.012	2026-03-25 00:00:00+00	2026-09-21 00:00:00+00	ACTIVE	2026-03-28 05:12:36.682666+00	f	f
cf8670f1-ac31-4643-93c0-55447b244ca0	f577ea16-920a-4e70-be2a-5b339f8202f4	90_DAYS	2000	0.009	2026-03-25 00:00:00+00	2026-06-23 00:00:00+00	ACTIVE	2026-03-28 05:12:37.16744+00	f	f
43f84771-38e9-4f47-b04e-267a98046ffe	11f8cf5f-f563-4b3c-b7b0-ccd7460c4e1c	90_DAYS	350	0.009	2026-03-25 00:00:00+00	2026-06-23 00:00:00+00	ACTIVE	2026-03-28 07:02:15.51065+00	f	f
b06c0869-fb27-4f8b-b876-3f3d793efde5	220c82f4-0653-4d5a-ab2f-b78dd7ddfbda	45_DAYS	200	0.007	2026-03-25 00:00:00+00	2026-05-09 00:00:00+00	ACTIVE	2026-03-28 07:02:37.393057+00	f	f
05c8cd22-5c11-4efb-b5f1-d117741214e4	bff8ef3c-eb9b-46b4-ac23-79343596c0c6	180_DAYS	6000	0.012	2026-03-25 00:00:00+00	2026-09-21 00:00:00+00	ACTIVE	2026-03-28 07:03:01.412406+00	f	f
744fde28-d869-43e3-ab7d-e1af55cff9ac	58ba6bf4-6c97-4c4c-b2d5-5ec2a36cab49	180_DAYS	8000	0.012	2026-03-26 00:00:00+00	2026-09-22 00:00:00+00	ACTIVE	2026-03-28 07:03:38.657606+00	f	f
e80676c2-df28-4c67-83a4-90362f08778c	e39e0e94-85d5-4e10-afd5-fe173f1cf07d	BONUS_5D	500	0.005	2026-03-28 00:00:00+00	2026-04-02 00:00:00+00	ACTIVE	2026-03-28 13:37:51.674493+00	t	t
a544f524-eace-4a71-8690-c4b411f1a028	20dd6350-9e91-4064-b2e4-7afbddc3f9cd	BONUS_5D	500	0.005	2026-03-29 00:00:00+00	2026-04-03 00:00:00+00	ACTIVE	2026-03-29 03:37:20.583861+00	t	t
808a9030-61b5-4605-b534-b9aac41cd41a	8500d986-daee-4aae-befb-d3a12a95b64d	BONUS_5D	500	0.005	2026-03-29 00:00:00+00	2026-04-03 00:00:00+00	ACTIVE	2026-03-29 03:40:50.424103+00	t	t
f883a954-c9da-4db6-b3e8-235428897b95	5807bc3f-6ac0-4a0b-bd5b-3e42d97a47a4	BONUS_5D	500	0.005	2026-03-29 00:00:00+00	2026-04-03 00:00:00+00	ACTIVE	2026-03-29 04:02:11.956037+00	t	t
2874980d-fd83-4c5a-836d-eb54d1d4653b	781fa649-6196-4482-b748-6ddd97442673	BONUS_5D	500	0.005	2026-03-29 00:00:00+00	2026-04-03 00:00:00+00	ACTIVE	2026-03-29 04:05:46.694383+00	t	t
1fa6e626-931b-4eb4-9f9f-164bf7cf9c62	a45372fe-37be-489b-a188-17668c7d96ab	BONUS_5D	500	0.005	2026-03-29 00:00:00+00	2026-04-03 00:00:00+00	ACTIVE	2026-03-29 04:07:51.263549+00	t	t
92fdf1c3-1082-477f-bebc-0c1da3a1d37c	95d92e49-90ec-49ed-a127-a389b163f1e9	BONUS_5D	500	0.005	2026-03-29 00:00:00+00	2026-04-03 00:00:00+00	ACTIVE	2026-03-29 04:11:38.854331+00	t	t
b39c5799-d5f0-468a-8971-c17bf205d04c	d5ac79c2-ad74-4f3c-80df-4e096bdbd641	BONUS_5D	500	0.005	2026-03-29 00:00:00+00	2026-04-03 00:00:00+00	ACTIVE	2026-03-29 04:19:23.310806+00	t	t
24de718b-faa4-49a4-ab15-471f9115738d	e39e0e94-85d5-4e10-afd5-fe173f1cf07d	5_DAYS	50	0.005	2026-03-29 00:00:00+00	2026-04-03 00:00:00+00	ACTIVE	2026-03-29 04:45:31.896591+00	f	f
e5e8411c-3bdb-4dd4-8f92-2c4a07d12bf8	84ae644b-ba9d-44f5-a21d-409630401d4b	90_DAYS	100	0.009	2026-03-29 06:25:52.384989+00	2026-06-27 06:25:52.384989+00	ACTIVE	2026-03-29 06:25:52.384989+00	f	f
f46ff000-a083-488d-9474-8dc31663ca20	220c82f4-0653-4d5a-ab2f-b78dd7ddfbda	90_DAYS	100	0.009	2026-03-29 06:25:52.638487+00	2026-06-27 06:25:52.638487+00	ACTIVE	2026-03-29 06:25:52.638487+00	f	f
bea4c7f2-b4d4-454a-9e10-792315d70bce	5d44a9b6-261a-43c9-838e-fcdf69407423	90_DAYS	5200	0.009	2026-03-29 06:26:29.460999+00	2026-06-27 06:26:29.460999+00	ACTIVE	2026-03-29 06:26:29.460999+00	f	f
28be5219-b42a-4a52-898b-8c708cbe7319	b1c4b959-b009-43a9-a071-b90651652f8f	90_DAYS	5200	0.009	2026-03-29 06:26:29.958988+00	2026-06-27 06:26:29.958988+00	ACTIVE	2026-03-29 06:26:29.958988+00	f	f
7e2629cb-ea77-43b8-9578-8d6e53e69485	80ba9776-2d39-4dab-b015-ab3f04f08e1a	90_DAYS	5200	0.009	2026-03-29 06:26:30.429681+00	2026-06-27 06:26:30.429681+00	ACTIVE	2026-03-29 06:26:30.429681+00	f	f
39056280-fe36-44bc-a0d9-c060bd959200	52a99770-0022-47c6-a027-bf5cd3dfcc85	90_DAYS	200	0.009	2026-03-29 06:26:30.897195+00	2026-06-27 06:26:30.897195+00	ACTIVE	2026-03-29 06:26:30.897195+00	f	f
91bb5926-f83c-4ba5-a26d-9784b8722496	9cd4c3dd-a416-485b-9feb-b3238d736f55	90_DAYS	5200	0.009	2026-03-29 06:26:31.457957+00	2026-06-27 06:26:31.457957+00	ACTIVE	2026-03-29 06:26:31.457957+00	f	f
382e9e8b-804b-4be0-a3c4-d8de137fb475	ea512e1e-10db-4d73-af2e-e73437eb5ebd	180_DAYS	4000	0.012	2026-03-29 06:26:31.978517+00	2026-09-25 06:26:31.978517+00	ACTIVE	2026-03-29 06:26:31.978517+00	f	f
9cf450fd-9220-44fe-9526-50890d12f7d3	91b146a3-600c-4bcb-84f8-0b2a129f6478	90_DAYS	4000	0.009	2026-03-29 06:29:02.032953+00	2026-06-27 06:29:02.032953+00	ACTIVE	2026-03-29 06:29:02.032953+00	f	f
d611ae1e-1ca8-460c-a8f3-588fd577d426	d71c97f9-4bef-42c1-a765-c938844b31f2	90_DAYS	300	0.009	2026-03-29 06:37:05.938956+00	2026-06-27 06:37:05.938956+00	ACTIVE	2026-03-29 06:37:05.938956+00	f	f
4904fe4d-9201-440b-a0f1-28704662da67	45f36e0f-2548-4144-8f0e-0257030c534a	90_DAYS	200	0.009	2026-03-29 06:37:06.472219+00	2026-06-27 06:37:06.472219+00	ACTIVE	2026-03-29 06:37:06.472219+00	f	f
2abbeb61-99af-4209-b668-d9dae72df16a	5e1f0583-6b5e-44d1-8926-95465939126d	90_DAYS	5500	0.009	2026-03-29 06:37:06.975773+00	2026-06-27 06:37:06.975773+00	ACTIVE	2026-03-29 06:37:06.975773+00	f	f
11d5e66c-14c2-4508-aa7d-a885d0a9888d	cca63a48-6053-494b-a599-648785072c1e	90_DAYS	200	0.009	2026-03-29 06:37:07.478253+00	2026-06-27 06:37:07.478253+00	ACTIVE	2026-03-29 06:37:07.478253+00	f	f
2c6fc651-5647-46c2-81f3-f60888a99e20	ccb0ad11-f09d-439a-9fb2-474c11f6cc4d	90_DAYS	5500	0.009	2026-03-29 06:37:07.979178+00	2026-06-27 06:37:07.979178+00	ACTIVE	2026-03-29 06:37:07.979178+00	f	f
b5c4a897-5316-41d5-a5a5-db04e5d93344	455b5271-8aa2-475b-b626-d95ae4b307a9	180_DAYS	9000	0.012	2026-03-29 06:37:08.480484+00	2026-09-25 06:37:08.480484+00	ACTIVE	2026-03-29 06:37:08.480484+00	f	f
43a1fb8b-4206-43fd-a008-e1b494ccdcb2	ebb4abbe-b80c-44eb-b3fb-c041adbaccaa	90_DAYS	150	0.009	2026-03-29 06:37:09.73101+00	2026-06-27 06:37:09.73101+00	ACTIVE	2026-03-29 06:37:09.73101+00	f	f
8c470d03-26d7-4452-b1d5-bd880b5cce14	744efbd6-4bfc-4d38-bee5-bef1ffab959f	90_DAYS	5500	0.009	2026-03-29 06:37:10.232794+00	2026-06-27 06:37:10.232794+00	ACTIVE	2026-03-29 06:37:10.232794+00	f	f
9a643294-baa6-4510-8351-58282d871afb	3127ad8e-4709-4996-9943-c99328786cd7	BONUS_5D	500	0.005	2026-03-29 00:00:00+00	2026-04-03 00:00:00+00	ACTIVE	2026-03-29 06:08:48.082737+00	t	f
55013363-c3cb-4329-9476-187ab58088fb	57b38cea-e965-4cb3-82ae-a785635755ba	BONUS_5D	500	0.005	2026-03-29 00:00:00+00	2026-04-03 00:00:00+00	ACTIVE	2026-03-29 06:11:49.338787+00	t	f
be7c942d-b839-4f4b-9790-852a5d154cb2	d2342aaf-608b-4cb7-a37e-62d7e66480c2	BONUS_5D	500	0.005	2026-03-29 00:00:00+00	2026-04-03 00:00:00+00	ACTIVE	2026-03-29 06:10:06.067991+00	t	f
76a43737-a52d-42ca-813f-82a76d718619	b24d5725-1d4b-4b17-85a4-21b9da1f6aa8	BONUS_5D	500	0.005	2026-03-29 00:00:00+00	2026-04-03 00:00:00+00	ACTIVE	2026-03-29 06:13:00.376081+00	t	f
3f9354fc-deb5-4526-a8a7-d706bdec5f39	555e111c-cd06-4f1f-831e-9837d8bb792a	BONUS_5D	500	0.005	2026-03-29 00:00:00+00	2026-04-03 00:00:00+00	ACTIVE	2026-03-29 06:09:15.009072+00	t	f
b63684dc-3f27-4e8e-a63d-ef7ca2ca34d5	8e8cb22e-067b-4cb0-a2c1-b63f97657617	BONUS_5D	500	0.005	2026-03-29 00:00:00+00	2026-04-03 00:00:00+00	ACTIVE	2026-03-29 06:12:06.285118+00	t	f
a3fb3ea0-7f7f-49f6-aab6-b8f388d8178e	07246fd8-8899-43d4-9b91-554748b0ec3f	90_DAYS	100	0.009	2026-03-29 09:59:47.447576+00	2026-06-27 09:59:47.447576+00	ACTIVE	2026-03-29 09:59:47.447576+00	f	f
c197af37-b389-4c57-8627-9e463287c092	3127ad8e-4709-4996-9943-c99328786cd7	90_DAYS	100	0.009	2026-03-29 09:59:50.096058+00	2026-06-27 09:59:50.096058+00	ACTIVE	2026-03-29 09:59:50.096058+00	f	f
0eb3cf1b-02e7-43f4-968e-f45738a7c3eb	6de31a78-cca6-49ff-bfd9-a8766678f9ed	90_DAYS	100	0.009	2026-03-29 09:59:52.684327+00	2026-06-27 09:59:52.684327+00	ACTIVE	2026-03-29 09:59:52.684327+00	f	f
af62d268-5390-432f-b337-e843ef9c8c5e	57b38cea-e965-4cb3-82ae-a785635755ba	90_DAYS	100	0.009	2026-03-29 09:59:53.864339+00	2026-06-27 09:59:53.864339+00	ACTIVE	2026-03-29 09:59:53.864339+00	f	f
31c68183-7919-4d57-afdb-f05ca7c64ab2	a6eec854-39a6-442f-bfbd-899d272eac1c	90_DAYS	10000	0.009	2026-03-29 09:59:55.044845+00	2026-06-27 09:59:55.044845+00	ACTIVE	2026-03-29 09:59:55.044845+00	f	f
3600d4b1-3262-470c-8660-8a0de501cecb	d2342aaf-608b-4cb7-a37e-62d7e66480c2	90_DAYS	10000	0.009	2026-03-29 09:59:58.01002+00	2026-06-27 09:59:58.01002+00	ACTIVE	2026-03-29 09:59:58.01002+00	f	f
406fadad-1c5c-4d6d-be8b-d4cc91472579	e61a599a-293b-468f-ad35-3d1215923d33	90_DAYS	10000	0.009	2026-03-29 10:00:02.522324+00	2026-06-27 10:00:02.522324+00	ACTIVE	2026-03-29 10:00:02.522324+00	f	f
1a2c680d-409c-4f5b-8246-0f8684b51d93	b24d5725-1d4b-4b17-85a4-21b9da1f6aa8	90_DAYS	10000	0.009	2026-03-29 10:00:05.346094+00	2026-06-27 10:00:05.346094+00	ACTIVE	2026-03-29 10:00:05.346094+00	f	f
6f0b003b-f3fb-44e7-b7db-e6d3971d89d7	36c73055-482b-4bff-91c1-be401e8112d1	90_DAYS	5000	0.009	2026-03-29 10:00:09.804634+00	2026-06-27 10:00:09.804634+00	ACTIVE	2026-03-29 10:00:09.804634+00	f	f
899fb06d-8cf8-4289-81ea-f4b0da539815	f75a2484-92fb-424e-859f-d7d16bf40c5e	90_DAYS	5000	0.009	2026-03-29 10:00:12.875389+00	2026-06-27 10:00:12.875389+00	ACTIVE	2026-03-29 10:00:12.875389+00	f	f
545ed971-c1bb-4823-b8bc-d818c0ce333d	555e111c-cd06-4f1f-831e-9837d8bb792a	90_DAYS	100	0.009	2026-03-29 10:00:15.929166+00	2026-06-27 10:00:15.929166+00	ACTIVE	2026-03-29 10:00:15.929166+00	f	f
87150b7a-4f0f-403f-af4d-efc2e2f79bc3	d7359a1a-fccd-43db-b5b4-5687952c52a5	180_DAYS	5000	0.012	2026-03-29 10:00:17.813943+00	2026-09-25 10:00:17.813943+00	ACTIVE	2026-03-29 10:00:17.813943+00	f	f
731e6851-aa6c-4597-8ddd-95b7fdb8a388	8e8cb22e-067b-4cb0-a2c1-b63f97657617	90_DAYS	300	0.009	2026-03-29 10:00:20.016156+00	2026-06-27 10:00:20.016156+00	ACTIVE	2026-03-29 10:00:20.016156+00	f	f
72cf6370-92d2-46ce-821a-f1dfd10f4a5e	ae5a0fc4-926f-46dd-8c32-a244bb5082c6	180_DAYS	20000	0.012	2026-03-29 10:00:21.903711+00	2026-09-25 10:00:21.903711+00	ACTIVE	2026-03-29 10:00:21.903711+00	f	f
430170dc-339f-4187-86eb-bc187921a775	8d79e2b5-0a2c-4c89-8d0b-c8a1f7119a3c	180_DAYS	69700	0.012	2026-03-29 10:00:28.010936+00	2026-09-25 10:00:28.010936+00	ACTIVE	2026-03-29 10:00:28.010936+00	f	f
8927d952-21aa-439b-8819-71f0edaa9a15	3b244035-a84c-4543-89be-e4c382038b73	180_DAYS	54500	0.012	2026-03-29 10:00:30.129467+00	2026-09-25 10:00:30.129467+00	ACTIVE	2026-03-29 10:00:30.129467+00	f	f
ec6d35d8-6fe5-4c5b-ba13-c430f8b26fb3	b2114bb1-85ca-4112-8e73-5d22473a5b08	180_DAYS	400000	0.012	2026-03-29 10:00:34.841373+00	2026-09-25 10:00:34.841373+00	ACTIVE	2026-03-29 10:00:34.841373+00	f	f
93b46a2e-42fe-4518-a4b9-4a89cdcd4bb9	a2f1cbe8-d2db-4a49-bd72-bdd328fadbf1	180_DAYS	400000	0.012	2026-03-29 10:00:36.961097+00	2026-09-25 10:00:36.961097+00	ACTIVE	2026-03-29 10:00:36.961097+00	f	f
21295f79-4a3a-49d3-962a-b5640416f0ea	5448d8cf-b4a9-4186-b52d-c9a19a3bc9f9	180_DAYS	500000	0.012	2026-03-29 10:00:41.755005+00	2026-09-25 10:00:41.755005+00	ACTIVE	2026-03-29 10:00:41.755005+00	f	f
292b8140-30e3-4530-bb3d-95e7966f5735	2ad1a4a8-9b74-4b00-b7a4-53f3dd7ad4c1	180_DAYS	500000	0.012	2026-03-29 10:00:43.877138+00	2026-09-25 10:00:43.877138+00	ACTIVE	2026-03-29 10:00:43.877138+00	f	f
7e71e8f0-54d9-4d72-8a02-1a61d8877ecc	af2e2b5e-d56c-4f6e-a990-77ac8f721072	90_DAYS	10000	0.009	2026-03-29 10:00:46.311019+00	2026-06-27 10:00:46.311019+00	ACTIVE	2026-03-29 10:00:46.311019+00	f	f
f72b51a0-01c6-46aa-bf05-d1dc6e0b7bd5	d21824fd-db8b-472c-ab2d-39f88379341e	180_DAYS	5000	0.012	2026-03-29 10:00:47.74727+00	2026-09-25 10:00:47.74727+00	ACTIVE	2026-03-29 10:00:47.74727+00	f	f
d12c39a1-91cf-46b0-adf2-503037a8358a	b69d6daf-6cf4-4e42-aefa-a0a2206d4214	180_DAYS	2000000	0.012	2026-03-29 10:00:48.690029+00	2026-09-25 10:00:48.690029+00	ACTIVE	2026-03-29 10:00:48.690029+00	f	f
110fd7ed-6224-43f7-a86c-c42207786238	e0673d28-fa7f-4cf5-b041-bbf0b83fcf5d	180_DAYS	5000	0.012	2026-03-29 10:00:49.866289+00	2026-09-25 10:00:49.866289+00	ACTIVE	2026-03-29 10:00:49.866289+00	f	f
df5fa900-7778-4a7d-bb10-d85bb6d49fff	0e9a4640-8e7d-48b9-9b44-c0ec0a083640	180_DAYS	2000000	0.012	2026-03-29 10:00:50.8083+00	2026-09-25 10:00:50.8083+00	ACTIVE	2026-03-29 10:00:50.8083+00	f	f
9156cde7-dbd8-4476-8c4f-4a7982341ef8	11f8cf5f-f563-4b3c-b7b0-ccd7460c4e1c	5_DAYS	50	0.005	2026-03-30 00:00:00+00	2026-04-04 00:00:00+00	ACTIVE	2026-03-30 03:47:19.56259+00	f	f
72e2caad-b8da-4609-a2a7-93ac03a01c97	fe0cc49e-cc48-4695-9d6c-d9a4862c21a7	BONUS_5D	500	0.005	2026-03-30 00:00:00+00	2026-04-04 00:00:00+00	ACTIVE	2026-03-30 08:00:11.437897+00	t	t
9650ea83-acfa-459c-a56a-7dde6e94363d	58f52bcd-43e5-4cc6-9987-a1a3eb45348c	BONUS_5D	500	0.005	2026-03-30 00:00:00+00	2026-04-04 00:00:00+00	ACTIVE	2026-03-30 18:23:33.517243+00	t	t
a5f5a80d-f0ed-4aeb-9315-d842b50dfb41	6adffcdf-36c6-4149-bc6c-e8c8289d54ac	BONUS_5D	500	0.005	2026-03-30 00:00:00+00	2026-04-04 00:00:00+00	ACTIVE	2026-03-30 18:24:08.69685+00	t	t
ed274c76-c257-4835-9836-3266b9ad9d62	d89fdb3d-e2fe-4585-a914-4022f078cb53	BONUS_5D	500	0.005	2026-03-30 00:00:00+00	2026-04-04 00:00:00+00	ACTIVE	2026-03-30 18:24:40.370247+00	t	t
e8047836-80ce-4517-bdc0-28a3739efbb3	67f491fc-05ff-44e9-b093-30a804d5bce5	BONUS_5D	500	0.005	2026-03-30 00:00:00+00	2026-04-04 00:00:00+00	ACTIVE	2026-03-30 18:25:05.7819+00	t	t
13b4a6bd-757b-4a46-b28c-31afadc38359	64257c82-8a59-47d2-a3fa-550dacf9d3eb	BONUS_5D	500	0.005	2026-03-30 00:00:00+00	2026-04-04 00:00:00+00	ACTIVE	2026-03-30 18:25:30.54949+00	t	t
ab2771d7-4b36-470a-8ef3-f89e348ef8fd	abeb321b-2313-48f0-8edc-c151f5b48795	BONUS_5D	500	0.005	2026-03-30 00:00:00+00	2026-04-04 00:00:00+00	ACTIVE	2026-03-30 18:25:59.122714+00	t	t
0565831a-734f-43a4-94d0-9d32a97a8d29	7849c911-c417-450a-914e-1f46f4f27cab	BONUS_5D	500	0.005	2026-03-30 00:00:00+00	2026-04-04 00:00:00+00	ACTIVE	2026-03-30 18:26:58.790872+00	t	t
d603981a-3bb1-4ab1-af2a-5d531273bb53	e05fa8c6-a662-4f67-b1d5-570a0c76c158	BONUS_5D	500	0.005	2026-03-30 00:00:00+00	2026-04-04 00:00:00+00	ACTIVE	2026-03-30 18:26:26.223612+00	t	f
ac6a4c0f-0037-4895-b7b5-eb5983a271b2	e05fa8c6-a662-4f67-b1d5-570a0c76c158	90_DAYS	300	0.009	2026-03-30 00:00:00+00	2026-06-28 00:00:00+00	EARLY_EXIT	2026-03-30 20:12:48.02964+00	f	f
638cb689-7aa4-4013-82db-98572bc0d566	b9f6e8a6-6ae1-46a5-971e-f02b5fff7821	90_DAYS	300	0.009	2026-03-31 00:00:00+00	2026-06-29 00:00:00+00	ACTIVE	2026-03-31 05:39:00.968547+00	f	f
853deae5-27bc-49dc-b584-8a53f45479ae	b9f6e8a6-6ae1-46a5-971e-f02b5fff7821	BONUS_5D	500	0.005	2026-03-31 00:00:00+00	2026-04-05 00:00:00+00	ACTIVE	2026-03-31 02:50:08.968953+00	t	f
\.


--
-- Data for Name: vault_rewards; Type: TABLE DATA; Schema: public; Owner: postgres
--

COPY public.vault_rewards (id, user_id, position_id, reward_type, amount, ar_price, ar_amount, created_at, on_chain_processed) FROM stdin;
8607ad72-fee8-450e-bb82-51baa741ab48	e39e0e94-85d5-4e10-afd5-fe173f1cf07d	24de718b-faa4-49a4-ab15-471f9115738d	DAILY_YIELD	0.250	0.889873	0.28093896544787851750	2026-03-31 00:00:00.145406+00	\N
4c32b2c2-f7f3-4a5a-bb0a-e6bdce55e121	84ae644b-ba9d-44f5-a21d-409630401d4b	e5e8411c-3bdb-4dd4-8f92-2c4a07d12bf8	DAILY_YIELD	0.900	0.889873	1.0113802756123627	2026-03-31 00:00:00.145406+00	\N
3a79b662-2123-49fe-bb3f-d130a68bbd7c	220c82f4-0653-4d5a-ab2f-b78dd7ddfbda	f46ff000-a083-488d-9474-8dc31663ca20	DAILY_YIELD	0.900	0.889873	1.0113802756123627	2026-03-31 00:00:00.145406+00	\N
7fdd539f-c59a-48ee-a1a1-2d7a0693730b	5d44a9b6-261a-43c9-838e-fcdf69407423	bea4c7f2-b4d4-454a-9e10-792315d70bce	DAILY_YIELD	46.800	0.889873	52.5917743318428585	2026-03-31 00:00:00.145406+00	\N
2a217ff0-407b-4040-8c46-fa1bab716cc4	b1c4b959-b009-43a9-a071-b90651652f8f	28be5219-b42a-4a52-898b-8c708cbe7319	DAILY_YIELD	46.800	0.889873	52.5917743318428585	2026-03-31 00:00:00.145406+00	\N
044ba250-3df3-4de2-b3c3-e2c72fe2538f	80ba9776-2d39-4dab-b015-ab3f04f08e1a	7e2629cb-ea77-43b8-9578-8d6e53e69485	DAILY_YIELD	46.800	0.889873	52.5917743318428585	2026-03-31 00:00:00.145406+00	\N
f1cba851-f5f8-4784-acad-f95a077d9ab9	52a99770-0022-47c6-a027-bf5cd3dfcc85	39056280-fe36-44bc-a0d9-c060bd959200	DAILY_YIELD	1.800	0.889873	2.0227605512247253	2026-03-31 00:00:00.145406+00	\N
4f964aff-e005-4a90-ad06-16834486d4a9	9cd4c3dd-a416-485b-9feb-b3238d736f55	91bb5926-f83c-4ba5-a26d-9784b8722496	DAILY_YIELD	46.800	0.889873	52.5917743318428585	2026-03-31 00:00:00.145406+00	\N
76add875-6010-4e09-bcb9-a47a2c55d233	ea512e1e-10db-4d73-af2e-e73437eb5ebd	382e9e8b-804b-4be0-a3c4-d8de137fb475	DAILY_YIELD	48.000	0.889873	53.9402813659926754	2026-03-31 00:00:00.145406+00	\N
bf98227e-a459-4e39-9920-b666730f98bf	91b146a3-600c-4bcb-84f8-0b2a129f6478	9cf450fd-9220-44fe-9526-50890d12f7d3	DAILY_YIELD	36.000	0.889873	40.4552110244945065	2026-03-31 00:00:00.145406+00	\N
137ca53a-be34-4ec7-b702-4777b20b23cd	d71c97f9-4bef-42c1-a765-c938844b31f2	d611ae1e-1ca8-460c-a8f3-588fd577d426	DAILY_YIELD	2.700	0.889873	3.0341408268370880	2026-03-31 00:00:00.145406+00	\N
268523ce-d43a-4930-96b2-60239c2da9df	45f36e0f-2548-4144-8f0e-0257030c534a	4904fe4d-9201-440b-a0f1-28704662da67	DAILY_YIELD	1.800	0.889873	2.0227605512247253	2026-03-31 00:00:00.145406+00	\N
4a904768-73fc-4248-9501-29094167416f	5e1f0583-6b5e-44d1-8926-95465939126d	2abbeb61-99af-4209-b668-d9dae72df16a	DAILY_YIELD	49.500	0.889873	55.6259151586799465	2026-03-31 00:00:00.145406+00	\N
c112e80c-812e-40a1-b133-cf4a009b07e3	cca63a48-6053-494b-a599-648785072c1e	11d5e66c-14c2-4508-aa7d-a885d0a9888d	DAILY_YIELD	1.800	0.889873	2.0227605512247253	2026-03-31 00:00:00.145406+00	\N
53b12527-a820-480d-9620-4191c1209a49	ccb0ad11-f09d-439a-9fb2-474c11f6cc4d	2c6fc651-5647-46c2-81f3-f60888a99e20	DAILY_YIELD	49.500	0.889873	55.6259151586799465	2026-03-31 00:00:00.145406+00	\N
33d2c637-62e4-498a-b483-78ad95be366d	455b5271-8aa2-475b-b626-d95ae4b307a9	b5c4a897-5316-41d5-a5a5-db04e5d93344	DAILY_YIELD	108.000	0.889873	121.3656330734835196	2026-03-31 00:00:00.145406+00	\N
4f2350f8-0fa7-4019-b454-891e527485da	ebb4abbe-b80c-44eb-b3fb-c041adbaccaa	43a1fb8b-4206-43fd-a008-e1b494ccdcb2	DAILY_YIELD	1.350	0.889873	1.5170704134185440	2026-03-31 00:00:00.145406+00	\N
753e86e7-052e-49a3-8d20-b81c1e123d56	744efbd6-4bfc-4d38-bee5-bef1ffab959f	8c470d03-26d7-4452-b1d5-bd880b5cce14	DAILY_YIELD	49.500	0.889873	55.6259151586799465	2026-03-31 00:00:00.145406+00	\N
bc899daa-b650-4ce9-93f1-90a8486cdaa4	07246fd8-8899-43d4-9b91-554748b0ec3f	a3fb3ea0-7f7f-49f6-aab6-b8f388d8178e	DAILY_YIELD	0.900	0.889873	1.0113802756123627	2026-03-31 00:00:00.145406+00	\N
ad79b2c2-3582-4a18-a68a-087113acf609	3127ad8e-4709-4996-9943-c99328786cd7	c197af37-b389-4c57-8627-9e463287c092	DAILY_YIELD	0.900	0.889873	1.0113802756123627	2026-03-31 00:00:00.145406+00	\N
4f3072b7-eaa7-4163-b7b9-d1f9ff7729a3	6de31a78-cca6-49ff-bfd9-a8766678f9ed	0eb3cf1b-02e7-43f4-968e-f45738a7c3eb	DAILY_YIELD	0.900	0.889873	1.0113802756123627	2026-03-31 00:00:00.145406+00	\N
4e546de0-31b4-4ea7-9fd6-1f87672ea43c	57b38cea-e965-4cb3-82ae-a785635755ba	af62d268-5390-432f-b337-e843ef9c8c5e	DAILY_YIELD	0.900	0.889873	1.0113802756123627	2026-03-31 00:00:00.145406+00	\N
40bc2bd2-453f-4120-a0a6-142863d934be	a6eec854-39a6-442f-bfbd-899d272eac1c	31c68183-7919-4d57-afdb-f05ca7c64ab2	DAILY_YIELD	90.000	0.889873	101.1380275612362663	2026-03-31 00:00:00.145406+00	\N
178e6b98-82bb-447f-bf18-1373ab6d9230	d2342aaf-608b-4cb7-a37e-62d7e66480c2	3600d4b1-3262-470c-8660-8a0de501cecb	DAILY_YIELD	90.000	0.889873	101.1380275612362663	2026-03-31 00:00:00.145406+00	\N
7939e057-afcd-4dc3-9d2b-01b09ec2615c	e61a599a-293b-468f-ad35-3d1215923d33	406fadad-1c5c-4d6d-be8b-d4cc91472579	DAILY_YIELD	90.000	0.889873	101.1380275612362663	2026-03-31 00:00:00.145406+00	\N
f9be6ca8-3c63-48b9-a619-c38d5f358412	b24d5725-1d4b-4b17-85a4-21b9da1f6aa8	1a2c680d-409c-4f5b-8246-0f8684b51d93	DAILY_YIELD	90.000	0.889873	101.1380275612362663	2026-03-31 00:00:00.145406+00	\N
b73de64d-39cb-4af7-886d-14365d1366e0	36c73055-482b-4bff-91c1-be401e8112d1	6f0b003b-f3fb-44e7-b7db-e6d3971d89d7	DAILY_YIELD	45.000	0.889873	50.5690137806181331	2026-03-31 00:00:00.145406+00	\N
4ef42004-42dc-430e-a552-ad205ac1d688	f75a2484-92fb-424e-859f-d7d16bf40c5e	899fb06d-8cf8-4289-81ea-f4b0da539815	DAILY_YIELD	45.000	0.889873	50.5690137806181331	2026-03-31 00:00:00.145406+00	\N
4d9caacb-df52-4421-ac56-f8a760aa10df	555e111c-cd06-4f1f-831e-9837d8bb792a	545ed971-c1bb-4823-b8bc-d818c0ce333d	DAILY_YIELD	0.900	0.889873	1.0113802756123627	2026-03-31 00:00:00.145406+00	\N
a4904cd8-e2e9-4fc4-a432-e003783df1de	d7359a1a-fccd-43db-b5b4-5687952c52a5	87150b7a-4f0f-403f-af4d-efc2e2f79bc3	DAILY_YIELD	60.000	0.889873	67.4253517074908442	2026-03-31 00:00:00.145406+00	\N
89080c2b-fe22-4831-a50b-08f2d5686e03	8e8cb22e-067b-4cb0-a2c1-b63f97657617	731e6851-aa6c-4597-8ddd-95b7fdb8a388	DAILY_YIELD	2.700	0.889873	3.0341408268370880	2026-03-31 00:00:00.145406+00	\N
fe248c39-a9a9-46ad-b780-3dc2c22ae45f	ae5a0fc4-926f-46dd-8c32-a244bb5082c6	72cf6370-92d2-46ce-821a-f1dfd10f4a5e	DAILY_YIELD	240.000	0.889873	269.7014068299633768	2026-03-31 00:00:00.145406+00	\N
8e07ae26-8dc3-4377-b335-bbef7c4f4811	8d79e2b5-0a2c-4c89-8d0b-c8a1f7119a3c	430170dc-339f-4187-86eb-bc187921a775	DAILY_YIELD	836.400	0.889873	939.9094028024223681	2026-03-31 00:00:00.145406+00	\N
c40118c1-336b-43d6-b06a-72dbf5ae102b	3b244035-a84c-4543-89be-e4c382038b73	8927d952-21aa-439b-8819-71f0edaa9a15	DAILY_YIELD	654.000	0.889873	734.9363336116502018	2026-03-31 00:00:00.145406+00	\N
900c4d2d-ef95-47ab-9a9e-84a7878dc594	b2114bb1-85ca-4112-8e73-5d22473a5b08	ec6d35d8-6fe5-4c5b-ba13-c430f8b26fb3	DAILY_YIELD	4800.000	0.889873	5394.0281365992675359	2026-03-31 00:00:00.145406+00	\N
1eecf533-68a6-4bb6-a655-384b6a886da3	a2f1cbe8-d2db-4a49-bd72-bdd328fadbf1	93b46a2e-42fe-4518-a4b9-4a89cdcd4bb9	DAILY_YIELD	4800.000	0.889873	5394.0281365992675359	2026-03-31 00:00:00.145406+00	\N
fbbbadc1-ef10-49dd-8c67-ed40f2dc84bd	5448d8cf-b4a9-4186-b52d-c9a19a3bc9f9	21295f79-4a3a-49d3-962a-b5640416f0ea	DAILY_YIELD	6000.000	0.889873	6742.5351707490844199	2026-03-31 00:00:00.145406+00	\N
905cd2cb-0b5c-4fa9-9fc8-720c70446b10	2ad1a4a8-9b74-4b00-b7a4-53f3dd7ad4c1	292b8140-30e3-4530-bb3d-95e7966f5735	DAILY_YIELD	6000.000	0.889873	6742.5351707490844199	2026-03-31 00:00:00.145406+00	\N
d9347104-fbef-4778-abec-395136ed6de9	af2e2b5e-d56c-4f6e-a990-77ac8f721072	7e71e8f0-54d9-4d72-8a02-1a61d8877ecc	DAILY_YIELD	90.000	0.889873	101.1380275612362663	2026-03-31 00:00:00.145406+00	\N
21d59ef8-4541-413f-86f2-61f163724d39	d21824fd-db8b-472c-ab2d-39f88379341e	f72b51a0-01c6-46aa-bf05-d1dc6e0b7bd5	DAILY_YIELD	60.000	0.889873	67.4253517074908442	2026-03-31 00:00:00.145406+00	\N
b88f5e30-38a2-4688-8aca-e7f761fb0aff	b69d6daf-6cf4-4e42-aefa-a0a2206d4214	d12c39a1-91cf-46b0-adf2-503037a8358a	DAILY_YIELD	24000.000	0.889873	26970.140682996338	2026-03-31 00:00:00.145406+00	\N
54bbd763-7d29-4297-95ae-d56f2127953a	e0673d28-fa7f-4cf5-b041-bbf0b83fcf5d	110fd7ed-6224-43f7-a86c-c42207786238	DAILY_YIELD	60.000	0.889873	67.4253517074908442	2026-03-31 00:00:00.145406+00	\N
b61ace46-f118-43c3-baa1-d175353af831	0e9a4640-8e7d-48b9-9b44-c0ec0a083640	df5fa900-7778-4a7d-bb10-d85bb6d49fff	DAILY_YIELD	24000.000	0.889873	26970.140682996338	2026-03-31 00:00:00.145406+00	\N
33e00e6a-5230-4847-8d3c-94b104cd27fe	11f8cf5f-f563-4b3c-b7b0-ccd7460c4e1c	50e5db0c-2374-4ace-88dd-f6b755af5702	DAILY_YIELD	0.22500	0.6	0.37500000000000000000	2026-03-28 00:00:00.114397+00	\N
6bf3501b-7f22-4085-9732-c1b75620aa46	11f8cf5f-f563-4b3c-b7b0-ccd7460c4e1c	50e5db0c-2374-4ace-88dd-f6b755af5702	PLATFORM_FEE	0.02500	0.6	0.04166666666666666667	2026-03-28 00:00:00.114397+00	\N
39dd8ccc-e7a4-438e-ad05-460c2ddad193	11f8cf5f-f563-4b3c-b7b0-ccd7460c4e1c	50e5db0c-2374-4ace-88dd-f6b755af5702	DAILY_YIELD	0.250	0.6	0.41666666666666666667	2026-03-29 10:42:00.286932+00	\N
68e313fd-487b-4017-a059-1c1e998adbe8	11f8cf5f-f563-4b3c-b7b0-ccd7460c4e1c	5b0b6ab2-3640-4690-8174-b834ae3e3274	DAILY_YIELD	0.700	0.6	1.1666666666666667	2026-03-29 10:42:00.286932+00	\N
c0fc8cf6-5b74-401b-bbf4-26ba8d4c10db	84ae644b-ba9d-44f5-a21d-409630401d4b	9c1ba29a-9072-4ce8-8d07-f066452cc832	DAILY_YIELD	1.400	0.6	2.3333333333333333	2026-03-29 10:42:00.286932+00	\N
61a22882-891b-4256-a86b-8b9ab892d1b2	d48b5e51-c701-4fda-a88e-cff08ea17e86	1033b8e2-5f27-4cd0-b2a6-02cfa262039f	DAILY_YIELD	13.500	0.6	22.5000000000000000	2026-03-29 10:42:00.286932+00	\N
6e66932f-96bc-47fe-b0b7-409a6d04f415	58ba6bf4-6c97-4c4c-b2d5-5ec2a36cab49	397c68a3-5b1d-434e-8f9c-db983798428c	DAILY_YIELD	36.000	0.6	60.0000000000000000	2026-03-29 10:42:00.286932+00	\N
4104cdad-1044-46cc-9ca8-390bfceacc9b	f577ea16-920a-4e70-be2a-5b339f8202f4	cf8670f1-ac31-4643-93c0-55447b244ca0	DAILY_YIELD	18.000	0.6	30.0000000000000000	2026-03-29 10:42:00.286932+00	\N
d15f97d5-7c91-480e-b9ab-2d1edd17b3a5	11f8cf5f-f563-4b3c-b7b0-ccd7460c4e1c	43f84771-38e9-4f47-b04e-267a98046ffe	DAILY_YIELD	3.150	0.6	5.2500000000000000	2026-03-29 10:42:00.286932+00	\N
db9c9fef-915c-4757-8af6-3d884d3610d0	220c82f4-0653-4d5a-ab2f-b78dd7ddfbda	b06c0869-fb27-4f8b-b876-3f3d793efde5	DAILY_YIELD	1.400	0.6	2.3333333333333333	2026-03-29 10:42:00.286932+00	\N
ee0d9757-73c5-4250-849e-1c8a0c773d82	bff8ef3c-eb9b-46b4-ac23-79343596c0c6	05c8cd22-5c11-4efb-b5f1-d117741214e4	DAILY_YIELD	72.000	0.6	120.0000000000000000	2026-03-29 10:42:00.286932+00	\N
1ff6eadb-147b-48d2-b46c-75650f8830d1	11f8cf5f-f563-4b3c-b7b0-ccd7460c4e1c	9156cde7-dbd8-4476-8c4f-4a7982341ef8	DAILY_YIELD	0.250	0.889873	0.28093896544787851750	2026-03-31 00:00:00.145406+00	\N
b61a94e8-61e4-43c0-a468-2c29d4502d05	b9f6e8a6-6ae1-46a5-971e-f02b5fff7821	638cb689-7aa4-4013-82db-98572bc0d566	DAILY_YIELD	2.700	0.988615	2.7310934994917132	2026-03-31 05:44:07.107347+00	\N
ef8f5f6d-ae10-4cde-a574-c2edb2fa68c0	e61a599a-293b-468f-ad35-3d1215923d33	406fadad-1c5c-4d6d-be8b-d4cc91472579	DAILY_YIELD	90.000	0.6	150.0000000000000000	2026-03-29 10:42:00.286932+00	\N
811416c3-7731-440e-b49d-9ba1a1f9385a	b24d5725-1d4b-4b17-85a4-21b9da1f6aa8	1a2c680d-409c-4f5b-8246-0f8684b51d93	DAILY_YIELD	90.000	0.6	150.0000000000000000	2026-03-29 10:42:00.286932+00	\N
d581b59f-2963-4e16-a118-c4ad5bcb7faf	36c73055-482b-4bff-91c1-be401e8112d1	6f0b003b-f3fb-44e7-b7db-e6d3971d89d7	DAILY_YIELD	45.000	0.6	75.0000000000000000	2026-03-29 10:42:00.286932+00	\N
b128f4d3-e3c5-43e1-94a4-1f7bde71c7c9	f75a2484-92fb-424e-859f-d7d16bf40c5e	899fb06d-8cf8-4289-81ea-f4b0da539815	DAILY_YIELD	45.000	0.6	75.0000000000000000	2026-03-29 10:42:00.286932+00	\N
848c7a80-228c-487e-b57c-c1dec3e26f6c	555e111c-cd06-4f1f-831e-9837d8bb792a	545ed971-c1bb-4823-b8bc-d818c0ce333d	DAILY_YIELD	0.900	0.6	1.5000000000000000	2026-03-29 10:42:00.286932+00	\N
bd0d8f90-ce1b-47b9-bccc-23476694ce2d	d7359a1a-fccd-43db-b5b4-5687952c52a5	87150b7a-4f0f-403f-af4d-efc2e2f79bc3	DAILY_YIELD	60.000	0.6	100.0000000000000000	2026-03-29 10:42:00.286932+00	\N
ea469fc5-3444-4dfe-8e6b-acb110d17bc0	8e8cb22e-067b-4cb0-a2c1-b63f97657617	731e6851-aa6c-4597-8ddd-95b7fdb8a388	DAILY_YIELD	2.700	0.6	4.5000000000000000	2026-03-29 10:42:00.286932+00	\N
d476f84a-835b-4418-8734-4d67636fef41	ae5a0fc4-926f-46dd-8c32-a244bb5082c6	72cf6370-92d2-46ce-821a-f1dfd10f4a5e	DAILY_YIELD	240.000	0.6	400.0000000000000000	2026-03-29 10:42:00.286932+00	\N
2c8834b0-3bf9-4dec-9c78-87547e5836f7	8d79e2b5-0a2c-4c89-8d0b-c8a1f7119a3c	430170dc-339f-4187-86eb-bc187921a775	DAILY_YIELD	836.400	0.6	1394.0000000000000000	2026-03-29 10:42:00.286932+00	\N
6954e2e7-6908-4211-97ae-2f11ed9271fd	3b244035-a84c-4543-89be-e4c382038b73	8927d952-21aa-439b-8819-71f0edaa9a15	DAILY_YIELD	654.000	0.6	1090.0000000000000000	2026-03-29 10:42:00.286932+00	\N
f2ae1d4a-e2af-4f51-9d77-81a69df95218	b2114bb1-85ca-4112-8e73-5d22473a5b08	ec6d35d8-6fe5-4c5b-ba13-c430f8b26fb3	DAILY_YIELD	4800.000	0.6	8000.0000000000000000	2026-03-29 10:42:00.286932+00	\N
2913cde4-09de-40fc-9687-2efbc034d292	a2f1cbe8-d2db-4a49-bd72-bdd328fadbf1	93b46a2e-42fe-4518-a4b9-4a89cdcd4bb9	DAILY_YIELD	4800.000	0.6	8000.0000000000000000	2026-03-29 10:42:00.286932+00	\N
356bd1d4-9664-436d-a240-884af0deefc4	5448d8cf-b4a9-4186-b52d-c9a19a3bc9f9	21295f79-4a3a-49d3-962a-b5640416f0ea	DAILY_YIELD	6000.000	0.6	10000.0000000000000000	2026-03-29 10:42:00.286932+00	\N
8dcae5b7-7428-4803-9a98-2ae066b81ceb	58ba6bf4-6c97-4c4c-b2d5-5ec2a36cab49	744fde28-d869-43e3-ab7d-e1af55cff9ac	DAILY_YIELD	96.000	0.6	160.0000000000000000	2026-03-29 10:42:00.286932+00	\N
9ce6ae1b-8926-4031-ba90-9c80b897b042	e39e0e94-85d5-4e10-afd5-fe173f1cf07d	24de718b-faa4-49a4-ab15-471f9115738d	DAILY_YIELD	0.250	0.6	0.41666666666666666667	2026-03-29 10:42:00.286932+00	\N
cef9dbba-1cc5-40a2-b11a-ad5f357c1c4f	e39e0e94-85d5-4e10-afd5-fe173f1cf07d	e80676c2-df28-4c67-83a4-90362f08778c	DAILY_YIELD	2.500	0.988125	2.5300442757748261	2026-03-31 05:45:29.515715+00	\N
4cbddeb9-d491-4ea3-b444-12c854d7a9c8	20dd6350-9e91-4064-b2e4-7afbddc3f9cd	a544f524-eace-4a71-8690-c4b411f1a028	DAILY_YIELD	2.500	0.988125	2.5300442757748261	2026-03-31 05:45:29.515715+00	\N
7baca7d2-13ea-45bd-8ecb-9dd8f1be55c3	8500d986-daee-4aae-befb-d3a12a95b64d	808a9030-61b5-4605-b534-b9aac41cd41a	DAILY_YIELD	2.500	0.988125	2.5300442757748261	2026-03-31 05:45:29.515715+00	\N
b018e5ae-f511-4175-90a2-522a15000142	5807bc3f-6ac0-4a0b-bd5b-3e42d97a47a4	f883a954-c9da-4db6-b3e8-235428897b95	DAILY_YIELD	2.500	0.988125	2.5300442757748261	2026-03-31 05:45:29.515715+00	\N
be888a29-4e96-449a-a2a9-1ec7b791e290	781fa649-6196-4482-b748-6ddd97442673	2874980d-fd83-4c5a-836d-eb54d1d4653b	DAILY_YIELD	2.500	0.988125	2.5300442757748261	2026-03-31 05:45:29.515715+00	\N
0776e05a-7689-48d0-be93-fdde85769f43	a45372fe-37be-489b-a188-17668c7d96ab	1fa6e626-931b-4eb4-9f9f-164bf7cf9c62	DAILY_YIELD	2.500	0.988125	2.5300442757748261	2026-03-31 05:45:29.515715+00	\N
71cca843-b172-42a3-9bb5-646feeb4d8fd	95d92e49-90ec-49ed-a127-a389b163f1e9	92fdf1c3-1082-477f-bebc-0c1da3a1d37c	DAILY_YIELD	2.500	0.988125	2.5300442757748261	2026-03-31 05:45:29.515715+00	\N
b43c3f04-4853-4c5f-bcc0-9dd5a6df6489	d5ac79c2-ad74-4f3c-80df-4e096bdbd641	b39c5799-d5f0-468a-8971-c17bf205d04c	DAILY_YIELD	2.500	0.988125	2.5300442757748261	2026-03-31 05:45:29.515715+00	\N
72693f97-f820-46e5-b9b3-32b41c321793	3127ad8e-4709-4996-9943-c99328786cd7	9a643294-baa6-4510-8351-58282d871afb	DAILY_YIELD	2.500	0.988125	2.5300442757748261	2026-03-31 05:45:29.515715+00	\N
260eb1a9-7acb-490f-9b28-11d4959ce85a	57b38cea-e965-4cb3-82ae-a785635755ba	55013363-c3cb-4329-9476-187ab58088fb	DAILY_YIELD	2.500	0.988125	2.5300442757748261	2026-03-31 05:45:29.515715+00	\N
d0624206-683c-4a53-97b5-e146d19f9440	d2342aaf-608b-4cb7-a37e-62d7e66480c2	be7c942d-b839-4f4b-9790-852a5d154cb2	DAILY_YIELD	2.500	0.988125	2.5300442757748261	2026-03-31 05:45:29.515715+00	\N
8968706b-292a-4b77-b24e-557396d0ab31	b24d5725-1d4b-4b17-85a4-21b9da1f6aa8	76a43737-a52d-42ca-813f-82a76d718619	DAILY_YIELD	2.500	0.988125	2.5300442757748261	2026-03-31 05:45:29.515715+00	\N
5b12dabf-978e-4cfe-9589-ec86d5e5faa0	555e111c-cd06-4f1f-831e-9837d8bb792a	3f9354fc-deb5-4526-a8a7-d706bdec5f39	DAILY_YIELD	2.500	0.988125	2.5300442757748261	2026-03-31 05:45:29.515715+00	\N
7191f474-f2d9-4877-bbab-3b5c2fb7d41c	8e8cb22e-067b-4cb0-a2c1-b63f97657617	b63684dc-3f27-4e8e-a63d-ef7ca2ca34d5	DAILY_YIELD	2.500	0.988125	2.5300442757748261	2026-03-31 05:45:29.515715+00	\N
08cdd60d-bbce-489e-b552-32a1fd12c753	fe0cc49e-cc48-4695-9d6c-d9a4862c21a7	72e2caad-b8da-4609-a2a7-93ac03a01c97	DAILY_YIELD	2.500	0.988125	2.5300442757748261	2026-03-31 05:45:29.515715+00	\N
18640d52-56ff-4b1c-95cd-738d4b248e87	58f52bcd-43e5-4cc6-9987-a1a3eb45348c	9650ea83-acfa-459c-a56a-7dde6e94363d	DAILY_YIELD	2.500	0.988125	2.5300442757748261	2026-03-31 05:45:29.515715+00	\N
34387d6c-1936-4054-940a-a7f85de6ca41	6adffcdf-36c6-4149-bc6c-e8c8289d54ac	a5f5a80d-f0ed-4aeb-9315-d842b50dfb41	DAILY_YIELD	2.500	0.988125	2.5300442757748261	2026-03-31 05:45:29.515715+00	\N
7b471a20-a5df-4244-aa42-07d49175d08b	d89fdb3d-e2fe-4585-a914-4022f078cb53	ed274c76-c257-4835-9836-3266b9ad9d62	DAILY_YIELD	2.500	0.988125	2.5300442757748261	2026-03-31 05:45:29.515715+00	\N
8990b06a-9f5a-45d3-b139-f561e18283aa	67f491fc-05ff-44e9-b093-30a804d5bce5	e8047836-80ce-4517-bdc0-28a3739efbb3	DAILY_YIELD	2.500	0.988125	2.5300442757748261	2026-03-31 05:45:29.515715+00	\N
8cf3a7e9-d9e5-450c-8a99-5fa901f31a8e	64257c82-8a59-47d2-a3fa-550dacf9d3eb	13b4a6bd-757b-4a46-b28c-31afadc38359	DAILY_YIELD	2.500	0.988125	2.5300442757748261	2026-03-31 05:45:29.515715+00	\N
35570b6a-e401-4e5e-b948-0578548df58a	abeb321b-2313-48f0-8edc-c151f5b48795	ab2771d7-4b36-470a-8ef3-f89e348ef8fd	DAILY_YIELD	2.500	0.988125	2.5300442757748261	2026-03-31 05:45:29.515715+00	\N
220a25ad-99d1-4543-8915-6b33cb5c8274	7849c911-c417-450a-914e-1f46f4f27cab	0565831a-734f-43a4-94d0-9d32a97a8d29	DAILY_YIELD	2.500	0.988125	2.5300442757748261	2026-03-31 05:45:29.515715+00	\N
c42d3450-1284-48ea-a6f4-114ce4ac6d00	e05fa8c6-a662-4f67-b1d5-570a0c76c158	d603981a-3bb1-4ab1-af2a-5d531273bb53	DAILY_YIELD	2.500	0.988125	2.5300442757748261	2026-03-31 05:45:29.515715+00	\N
339c347a-b7a9-4a7b-a092-5643910aa42e	b9f6e8a6-6ae1-46a5-971e-f02b5fff7821	853deae5-27bc-49dc-b584-8a53f45479ae	DAILY_YIELD	2.500	0.988125	2.5300442757748261	2026-03-31 05:45:29.515715+00	\N
2ef91b71-057c-4652-8dce-fa120774e48f	84ae644b-ba9d-44f5-a21d-409630401d4b	e5e8411c-3bdb-4dd4-8f92-2c4a07d12bf8	DAILY_YIELD	0.900	0.6	1.5000000000000000	2026-03-29 10:42:00.286932+00	\N
7908eebb-c6d7-4aab-b068-6d5779601355	220c82f4-0653-4d5a-ab2f-b78dd7ddfbda	f46ff000-a083-488d-9474-8dc31663ca20	DAILY_YIELD	0.900	0.6	1.5000000000000000	2026-03-29 10:42:00.286932+00	\N
3d786a99-c7ad-4875-970b-0f61ce7851a5	5d44a9b6-261a-43c9-838e-fcdf69407423	bea4c7f2-b4d4-454a-9e10-792315d70bce	DAILY_YIELD	46.800	0.6	78.0000000000000000	2026-03-29 10:42:00.286932+00	\N
b616b94a-576c-4e54-a27b-ace69de5db9c	b1c4b959-b009-43a9-a071-b90651652f8f	28be5219-b42a-4a52-898b-8c708cbe7319	DAILY_YIELD	46.800	0.6	78.0000000000000000	2026-03-29 10:42:00.286932+00	\N
0886ce76-5876-4ff4-93ff-eafab2724cbb	80ba9776-2d39-4dab-b015-ab3f04f08e1a	7e2629cb-ea77-43b8-9578-8d6e53e69485	DAILY_YIELD	46.800	0.6	78.0000000000000000	2026-03-29 10:42:00.286932+00	\N
ac1c876d-c2b3-4b2b-8728-90b59d930f2a	52a99770-0022-47c6-a027-bf5cd3dfcc85	39056280-fe36-44bc-a0d9-c060bd959200	DAILY_YIELD	1.800	0.6	3.0000000000000000	2026-03-29 10:42:00.286932+00	\N
e3dd837d-dcb3-4da5-baea-30655d628815	9cd4c3dd-a416-485b-9feb-b3238d736f55	91bb5926-f83c-4ba5-a26d-9784b8722496	DAILY_YIELD	46.800	0.6	78.0000000000000000	2026-03-29 10:42:00.286932+00	\N
7a7f170f-8d16-4b61-a095-558ae23f902d	ea512e1e-10db-4d73-af2e-e73437eb5ebd	382e9e8b-804b-4be0-a3c4-d8de137fb475	DAILY_YIELD	48.000	0.6	80.0000000000000000	2026-03-29 10:42:00.286932+00	\N
1677f102-d7fb-42a2-95d2-0d7eaed18e05	91b146a3-600c-4bcb-84f8-0b2a129f6478	9cf450fd-9220-44fe-9526-50890d12f7d3	DAILY_YIELD	36.000	0.6	60.0000000000000000	2026-03-29 10:42:00.286932+00	\N
2e096df1-8415-4004-bc8f-8ffddca07da7	d71c97f9-4bef-42c1-a765-c938844b31f2	d611ae1e-1ca8-460c-a8f3-588fd577d426	DAILY_YIELD	2.700	0.6	4.5000000000000000	2026-03-29 10:42:00.286932+00	\N
c9ba99c6-1ef5-4f61-b6db-4b2f5ee368c2	45f36e0f-2548-4144-8f0e-0257030c534a	4904fe4d-9201-440b-a0f1-28704662da67	DAILY_YIELD	1.800	0.6	3.0000000000000000	2026-03-29 10:42:00.286932+00	\N
37032e61-d3f9-445d-9437-ceeaa5e897c6	5e1f0583-6b5e-44d1-8926-95465939126d	2abbeb61-99af-4209-b668-d9dae72df16a	DAILY_YIELD	49.500	0.6	82.5000000000000000	2026-03-29 10:42:00.286932+00	\N
8c29530b-1f5f-4580-af68-400dbfc796ce	cca63a48-6053-494b-a599-648785072c1e	11d5e66c-14c2-4508-aa7d-a885d0a9888d	DAILY_YIELD	1.800	0.6	3.0000000000000000	2026-03-29 10:42:00.286932+00	\N
659a4336-b1f4-4610-8496-0e0faf6d6208	ccb0ad11-f09d-439a-9fb2-474c11f6cc4d	2c6fc651-5647-46c2-81f3-f60888a99e20	DAILY_YIELD	49.500	0.6	82.5000000000000000	2026-03-29 10:42:00.286932+00	\N
39cc5ef8-aa91-436a-9dcf-bad8e15422c9	455b5271-8aa2-475b-b626-d95ae4b307a9	b5c4a897-5316-41d5-a5a5-db04e5d93344	DAILY_YIELD	108.000	0.6	180.0000000000000000	2026-03-29 10:42:00.286932+00	\N
e20edb8c-7b49-4e42-b4b6-50469f3ce672	ebb4abbe-b80c-44eb-b3fb-c041adbaccaa	43a1fb8b-4206-43fd-a008-e1b494ccdcb2	DAILY_YIELD	1.350	0.6	2.2500000000000000	2026-03-29 10:42:00.286932+00	\N
180ee3cb-f6aa-4ea7-8c5d-da0396d57868	744efbd6-4bfc-4d38-bee5-bef1ffab959f	8c470d03-26d7-4452-b1d5-bd880b5cce14	DAILY_YIELD	49.500	0.6	82.5000000000000000	2026-03-29 10:42:00.286932+00	\N
33bbf199-6592-4c5c-a5ef-8f030bc1c0ab	07246fd8-8899-43d4-9b91-554748b0ec3f	a3fb3ea0-7f7f-49f6-aab6-b8f388d8178e	DAILY_YIELD	0.900	0.6	1.5000000000000000	2026-03-29 10:42:00.286932+00	\N
0ced2ff7-3f02-4579-97c3-7582070e9c9f	3127ad8e-4709-4996-9943-c99328786cd7	c197af37-b389-4c57-8627-9e463287c092	DAILY_YIELD	0.900	0.6	1.5000000000000000	2026-03-29 10:42:00.286932+00	\N
462b1075-4491-47d6-95b3-7c4cd5720d9c	6de31a78-cca6-49ff-bfd9-a8766678f9ed	0eb3cf1b-02e7-43f4-968e-f45738a7c3eb	DAILY_YIELD	0.900	0.6	1.5000000000000000	2026-03-29 10:42:00.286932+00	\N
1d4936fd-efc0-4402-92a9-03d1796f0fde	57b38cea-e965-4cb3-82ae-a785635755ba	af62d268-5390-432f-b337-e843ef9c8c5e	DAILY_YIELD	0.900	0.6	1.5000000000000000	2026-03-29 10:42:00.286932+00	\N
3bb8ab73-1ed9-40ec-9bc0-e5e54aa6a6a9	a6eec854-39a6-442f-bfbd-899d272eac1c	31c68183-7919-4d57-afdb-f05ca7c64ab2	DAILY_YIELD	90.000	0.6	150.0000000000000000	2026-03-29 10:42:00.286932+00	\N
6733074f-c55d-417b-a58e-7e883227d46a	d2342aaf-608b-4cb7-a37e-62d7e66480c2	3600d4b1-3262-470c-8660-8a0de501cecb	DAILY_YIELD	90.000	0.6	150.0000000000000000	2026-03-29 10:42:00.286932+00	\N
7b825ba4-9347-4042-8372-8413d3eac7d3	2ad1a4a8-9b74-4b00-b7a4-53f3dd7ad4c1	292b8140-30e3-4530-bb3d-95e7966f5735	DAILY_YIELD	6000.000	0.6	10000.0000000000000000	2026-03-29 10:42:00.286932+00	\N
4e534e74-f340-42a4-852c-816c8dc6d5e7	af2e2b5e-d56c-4f6e-a990-77ac8f721072	7e71e8f0-54d9-4d72-8a02-1a61d8877ecc	DAILY_YIELD	90.000	0.6	150.0000000000000000	2026-03-29 10:42:00.286932+00	\N
deee3013-342a-46a3-8aae-5062e5aa98cc	d21824fd-db8b-472c-ab2d-39f88379341e	f72b51a0-01c6-46aa-bf05-d1dc6e0b7bd5	DAILY_YIELD	60.000	0.6	100.0000000000000000	2026-03-29 10:42:00.286932+00	\N
6a9f7735-b27b-49be-8458-5f5c4e683d7b	b69d6daf-6cf4-4e42-aefa-a0a2206d4214	d12c39a1-91cf-46b0-adf2-503037a8358a	DAILY_YIELD	24000.000	0.6	40000.000000000000	2026-03-29 10:42:00.286932+00	\N
f14affaa-6cf0-4ab0-ac29-1d8055f91d7f	e0673d28-fa7f-4cf5-b041-bbf0b83fcf5d	110fd7ed-6224-43f7-a86c-c42207786238	DAILY_YIELD	60.000	0.6	100.0000000000000000	2026-03-29 10:42:00.286932+00	\N
19446515-5c17-4f90-9995-5b00056c4fc6	0e9a4640-8e7d-48b9-9b44-c0ec0a083640	df5fa900-7778-4a7d-bb10-d85bb6d49fff	DAILY_YIELD	24000.000	0.6	40000.000000000000	2026-03-29 10:42:00.286932+00	\N
ee6d8b94-ee41-4f0b-824c-81264038d853	11f8cf5f-f563-4b3c-b7b0-ccd7460c4e1c	50e5db0c-2374-4ace-88dd-f6b755af5702	DAILY_YIELD	0.250	0.6	0.41666666666666666667	2026-03-30 00:00:00.130548+00	\N
5a59c379-e5ed-439c-9d0e-ded511ee3788	11f8cf5f-f563-4b3c-b7b0-ccd7460c4e1c	5b0b6ab2-3640-4690-8174-b834ae3e3274	DAILY_YIELD	0.700	0.6	1.1666666666666667	2026-03-30 00:00:00.130548+00	\N
32a8da04-2356-4942-bdd5-d1768cdef3c2	84ae644b-ba9d-44f5-a21d-409630401d4b	9c1ba29a-9072-4ce8-8d07-f066452cc832	DAILY_YIELD	1.400	0.6	2.3333333333333333	2026-03-30 00:00:00.130548+00	\N
653ffd1c-a441-4f20-b4e3-4904110fdae6	d48b5e51-c701-4fda-a88e-cff08ea17e86	1033b8e2-5f27-4cd0-b2a6-02cfa262039f	DAILY_YIELD	13.500	0.6	22.5000000000000000	2026-03-30 00:00:00.130548+00	\N
26d07934-a4c6-43bf-89a0-739ea92548cb	58ba6bf4-6c97-4c4c-b2d5-5ec2a36cab49	397c68a3-5b1d-434e-8f9c-db983798428c	DAILY_YIELD	36.000	0.6	60.0000000000000000	2026-03-30 00:00:00.130548+00	\N
de9dd04b-f8c7-4047-ad65-961c4be6866c	f577ea16-920a-4e70-be2a-5b339f8202f4	cf8670f1-ac31-4643-93c0-55447b244ca0	DAILY_YIELD	18.000	0.6	30.0000000000000000	2026-03-30 00:00:00.130548+00	\N
94156e77-1267-4025-802a-0c11a6fba85e	11f8cf5f-f563-4b3c-b7b0-ccd7460c4e1c	43f84771-38e9-4f47-b04e-267a98046ffe	DAILY_YIELD	3.150	0.6	5.2500000000000000	2026-03-30 00:00:00.130548+00	\N
7cc89bca-8324-4b88-9970-780328b6bc79	220c82f4-0653-4d5a-ab2f-b78dd7ddfbda	b06c0869-fb27-4f8b-b876-3f3d793efde5	DAILY_YIELD	1.400	0.6	2.3333333333333333	2026-03-30 00:00:00.130548+00	\N
be00b58e-ad60-4328-8cc3-68e0e4bea42f	bff8ef3c-eb9b-46b4-ac23-79343596c0c6	05c8cd22-5c11-4efb-b5f1-d117741214e4	DAILY_YIELD	72.000	0.6	120.0000000000000000	2026-03-30 00:00:00.130548+00	\N
7200838a-13ab-4580-a244-a43b472e9fb4	58ba6bf4-6c97-4c4c-b2d5-5ec2a36cab49	744fde28-d869-43e3-ab7d-e1af55cff9ac	DAILY_YIELD	96.000	0.6	160.0000000000000000	2026-03-30 00:00:00.130548+00	\N
91a1466e-fcd5-4443-8f02-468eaef424b5	e39e0e94-85d5-4e10-afd5-fe173f1cf07d	24de718b-faa4-49a4-ab15-471f9115738d	DAILY_YIELD	0.250	0.6	0.41666666666666666667	2026-03-30 00:00:00.130548+00	\N
a45ac7a2-7080-4800-9d04-8b7b201922ac	84ae644b-ba9d-44f5-a21d-409630401d4b	e5e8411c-3bdb-4dd4-8f92-2c4a07d12bf8	DAILY_YIELD	0.900	0.6	1.5000000000000000	2026-03-30 00:00:00.130548+00	\N
b7e487f6-f4fc-4787-b28f-c95cbb939d44	220c82f4-0653-4d5a-ab2f-b78dd7ddfbda	f46ff000-a083-488d-9474-8dc31663ca20	DAILY_YIELD	0.900	0.6	1.5000000000000000	2026-03-30 00:00:00.130548+00	\N
f88f35dd-d0aa-4e8e-8c7f-63fc990facbc	5d44a9b6-261a-43c9-838e-fcdf69407423	bea4c7f2-b4d4-454a-9e10-792315d70bce	DAILY_YIELD	46.800	0.6	78.0000000000000000	2026-03-30 00:00:00.130548+00	\N
64486255-5910-494e-bdc1-24d2934d811a	b1c4b959-b009-43a9-a071-b90651652f8f	28be5219-b42a-4a52-898b-8c708cbe7319	DAILY_YIELD	46.800	0.6	78.0000000000000000	2026-03-30 00:00:00.130548+00	\N
efbdbde5-ce7b-4477-945f-44e4556498ff	80ba9776-2d39-4dab-b015-ab3f04f08e1a	7e2629cb-ea77-43b8-9578-8d6e53e69485	DAILY_YIELD	46.800	0.6	78.0000000000000000	2026-03-30 00:00:00.130548+00	\N
13aadb02-5ca6-4d10-b1ca-c9549e82feaa	52a99770-0022-47c6-a027-bf5cd3dfcc85	39056280-fe36-44bc-a0d9-c060bd959200	DAILY_YIELD	1.800	0.6	3.0000000000000000	2026-03-30 00:00:00.130548+00	\N
9edfed0a-fd74-48ef-bfb3-2806eafc93d5	9cd4c3dd-a416-485b-9feb-b3238d736f55	91bb5926-f83c-4ba5-a26d-9784b8722496	DAILY_YIELD	46.800	0.6	78.0000000000000000	2026-03-30 00:00:00.130548+00	\N
79438db5-686f-487a-9417-f1605c9778a2	ea512e1e-10db-4d73-af2e-e73437eb5ebd	382e9e8b-804b-4be0-a3c4-d8de137fb475	DAILY_YIELD	48.000	0.6	80.0000000000000000	2026-03-30 00:00:00.130548+00	\N
b74a81a9-1930-433f-a5db-460f03b7a176	91b146a3-600c-4bcb-84f8-0b2a129f6478	9cf450fd-9220-44fe-9526-50890d12f7d3	DAILY_YIELD	36.000	0.6	60.0000000000000000	2026-03-30 00:00:00.130548+00	\N
abd4814d-cbc5-4006-afd5-53c8c452421c	d71c97f9-4bef-42c1-a765-c938844b31f2	d611ae1e-1ca8-460c-a8f3-588fd577d426	DAILY_YIELD	2.700	0.6	4.5000000000000000	2026-03-30 00:00:00.130548+00	\N
b5bb4492-380e-4f2d-a8f0-b7988b3d3a2b	45f36e0f-2548-4144-8f0e-0257030c534a	4904fe4d-9201-440b-a0f1-28704662da67	DAILY_YIELD	1.800	0.6	3.0000000000000000	2026-03-30 00:00:00.130548+00	\N
1c716457-79e6-4f33-93e9-b1e9299ff407	5e1f0583-6b5e-44d1-8926-95465939126d	2abbeb61-99af-4209-b668-d9dae72df16a	DAILY_YIELD	49.500	0.6	82.5000000000000000	2026-03-30 00:00:00.130548+00	\N
97bd669a-3805-4e6d-bdaa-d0d1fdea6596	cca63a48-6053-494b-a599-648785072c1e	11d5e66c-14c2-4508-aa7d-a885d0a9888d	DAILY_YIELD	1.800	0.6	3.0000000000000000	2026-03-30 00:00:00.130548+00	\N
2e7c6dc3-6214-42a2-881a-d26ba24f893d	ccb0ad11-f09d-439a-9fb2-474c11f6cc4d	2c6fc651-5647-46c2-81f3-f60888a99e20	DAILY_YIELD	49.500	0.6	82.5000000000000000	2026-03-30 00:00:00.130548+00	\N
ad0951cf-47e6-4eb5-add7-2c08ee162b92	455b5271-8aa2-475b-b626-d95ae4b307a9	b5c4a897-5316-41d5-a5a5-db04e5d93344	DAILY_YIELD	108.000	0.6	180.0000000000000000	2026-03-30 00:00:00.130548+00	\N
e0349694-3f77-4343-a193-f62591fa131a	ebb4abbe-b80c-44eb-b3fb-c041adbaccaa	43a1fb8b-4206-43fd-a008-e1b494ccdcb2	DAILY_YIELD	1.350	0.6	2.2500000000000000	2026-03-30 00:00:00.130548+00	\N
8acffc9a-596f-4b2d-a41a-6c8d778eaced	744efbd6-4bfc-4d38-bee5-bef1ffab959f	8c470d03-26d7-4452-b1d5-bd880b5cce14	DAILY_YIELD	49.500	0.6	82.5000000000000000	2026-03-30 00:00:00.130548+00	\N
c3827fe1-57fa-4802-8122-4c2b6dc82b2b	07246fd8-8899-43d4-9b91-554748b0ec3f	a3fb3ea0-7f7f-49f6-aab6-b8f388d8178e	DAILY_YIELD	0.900	0.6	1.5000000000000000	2026-03-30 00:00:00.130548+00	\N
9411798e-7c5d-4715-a037-138dc0fedd48	3127ad8e-4709-4996-9943-c99328786cd7	c197af37-b389-4c57-8627-9e463287c092	DAILY_YIELD	0.900	0.6	1.5000000000000000	2026-03-30 00:00:00.130548+00	\N
e3038639-68d9-45b4-a51d-88ebb88c76e6	6de31a78-cca6-49ff-bfd9-a8766678f9ed	0eb3cf1b-02e7-43f4-968e-f45738a7c3eb	DAILY_YIELD	0.900	0.6	1.5000000000000000	2026-03-30 00:00:00.130548+00	\N
e297701e-2e70-4ae4-99c6-a3efb048e7be	57b38cea-e965-4cb3-82ae-a785635755ba	af62d268-5390-432f-b337-e843ef9c8c5e	DAILY_YIELD	0.900	0.6	1.5000000000000000	2026-03-30 00:00:00.130548+00	\N
58b81a0f-7aa7-42c2-adec-64fadc1a4eae	a6eec854-39a6-442f-bfbd-899d272eac1c	31c68183-7919-4d57-afdb-f05ca7c64ab2	DAILY_YIELD	90.000	0.6	150.0000000000000000	2026-03-30 00:00:00.130548+00	\N
54907465-6771-45b4-9fb9-c899c8d0e863	d2342aaf-608b-4cb7-a37e-62d7e66480c2	3600d4b1-3262-470c-8660-8a0de501cecb	DAILY_YIELD	90.000	0.6	150.0000000000000000	2026-03-30 00:00:00.130548+00	\N
eb8ae79f-b980-4c6e-8fcb-c2e368ce9850	e61a599a-293b-468f-ad35-3d1215923d33	406fadad-1c5c-4d6d-be8b-d4cc91472579	DAILY_YIELD	90.000	0.6	150.0000000000000000	2026-03-30 00:00:00.130548+00	\N
3a5ce1e0-bda5-4931-b49b-4409aec7ba8b	b24d5725-1d4b-4b17-85a4-21b9da1f6aa8	1a2c680d-409c-4f5b-8246-0f8684b51d93	DAILY_YIELD	90.000	0.6	150.0000000000000000	2026-03-30 00:00:00.130548+00	\N
afa51e2e-fefc-4ca9-83b0-1db7b7dc5da2	36c73055-482b-4bff-91c1-be401e8112d1	6f0b003b-f3fb-44e7-b7db-e6d3971d89d7	DAILY_YIELD	45.000	0.6	75.0000000000000000	2026-03-30 00:00:00.130548+00	\N
5a14e962-6d95-4a71-9a52-0b4ff563bbf5	f75a2484-92fb-424e-859f-d7d16bf40c5e	899fb06d-8cf8-4289-81ea-f4b0da539815	DAILY_YIELD	45.000	0.6	75.0000000000000000	2026-03-30 00:00:00.130548+00	\N
21915bc2-a526-4892-8454-775fd182eec1	555e111c-cd06-4f1f-831e-9837d8bb792a	545ed971-c1bb-4823-b8bc-d818c0ce333d	DAILY_YIELD	0.900	0.6	1.5000000000000000	2026-03-30 00:00:00.130548+00	\N
99b71200-fa50-4fea-9533-2a25d8eb586f	d7359a1a-fccd-43db-b5b4-5687952c52a5	87150b7a-4f0f-403f-af4d-efc2e2f79bc3	DAILY_YIELD	60.000	0.6	100.0000000000000000	2026-03-30 00:00:00.130548+00	\N
c52ab751-7a21-4eba-a372-8d982c183ec1	8e8cb22e-067b-4cb0-a2c1-b63f97657617	731e6851-aa6c-4597-8ddd-95b7fdb8a388	DAILY_YIELD	2.700	0.6	4.5000000000000000	2026-03-30 00:00:00.130548+00	\N
b842ce01-d8ed-42b0-a24b-fd2aa8f4abff	ae5a0fc4-926f-46dd-8c32-a244bb5082c6	72cf6370-92d2-46ce-821a-f1dfd10f4a5e	DAILY_YIELD	240.000	0.6	400.0000000000000000	2026-03-30 00:00:00.130548+00	\N
40dc8b9c-a8a0-49ca-8000-eeb56b49528b	8d79e2b5-0a2c-4c89-8d0b-c8a1f7119a3c	430170dc-339f-4187-86eb-bc187921a775	DAILY_YIELD	836.400	0.6	1394.0000000000000000	2026-03-30 00:00:00.130548+00	\N
88203997-b06a-42c1-93a1-df6c5f451c25	3b244035-a84c-4543-89be-e4c382038b73	8927d952-21aa-439b-8819-71f0edaa9a15	DAILY_YIELD	654.000	0.6	1090.0000000000000000	2026-03-30 00:00:00.130548+00	\N
3b48ad73-7a53-4c58-8046-2791eee4b7a5	b2114bb1-85ca-4112-8e73-5d22473a5b08	ec6d35d8-6fe5-4c5b-ba13-c430f8b26fb3	DAILY_YIELD	4800.000	0.6	8000.0000000000000000	2026-03-30 00:00:00.130548+00	\N
b14d0a58-f0e3-4b62-87d0-26c6052d31d6	a2f1cbe8-d2db-4a49-bd72-bdd328fadbf1	93b46a2e-42fe-4518-a4b9-4a89cdcd4bb9	DAILY_YIELD	4800.000	0.6	8000.0000000000000000	2026-03-30 00:00:00.130548+00	\N
0a685f6e-870b-46d1-b729-588d40be423a	5448d8cf-b4a9-4186-b52d-c9a19a3bc9f9	21295f79-4a3a-49d3-962a-b5640416f0ea	DAILY_YIELD	6000.000	0.6	10000.0000000000000000	2026-03-30 00:00:00.130548+00	\N
a4e72e71-eb06-4dd7-b5b2-95aa8f5bf272	2ad1a4a8-9b74-4b00-b7a4-53f3dd7ad4c1	292b8140-30e3-4530-bb3d-95e7966f5735	DAILY_YIELD	6000.000	0.6	10000.0000000000000000	2026-03-30 00:00:00.130548+00	\N
e7357716-e88f-418f-8384-56e0e0138a01	af2e2b5e-d56c-4f6e-a990-77ac8f721072	7e71e8f0-54d9-4d72-8a02-1a61d8877ecc	DAILY_YIELD	90.000	0.6	150.0000000000000000	2026-03-30 00:00:00.130548+00	\N
28474fa9-1020-478d-8e4c-0be6f240f291	d21824fd-db8b-472c-ab2d-39f88379341e	f72b51a0-01c6-46aa-bf05-d1dc6e0b7bd5	DAILY_YIELD	60.000	0.6	100.0000000000000000	2026-03-30 00:00:00.130548+00	\N
2aabe67e-cacf-4375-8186-cd70b739e708	b69d6daf-6cf4-4e42-aefa-a0a2206d4214	d12c39a1-91cf-46b0-adf2-503037a8358a	DAILY_YIELD	24000.000	0.6	40000.000000000000	2026-03-30 00:00:00.130548+00	\N
ea6106a8-94c9-4264-8253-51f9255d3d89	e0673d28-fa7f-4cf5-b041-bbf0b83fcf5d	110fd7ed-6224-43f7-a86c-c42207786238	DAILY_YIELD	60.000	0.6	100.0000000000000000	2026-03-30 00:00:00.130548+00	\N
c6e31ed3-2daf-4fe6-baba-421a2f1884fd	0e9a4640-8e7d-48b9-9b44-c0ec0a083640	df5fa900-7778-4a7d-bb10-d85bb6d49fff	DAILY_YIELD	24000.000	0.6	40000.000000000000	2026-03-30 00:00:00.130548+00	\N
ecc37dd1-dde0-45c3-9e52-538f1ffc08d2	11f8cf5f-f563-4b3c-b7b0-ccd7460c4e1c	50e5db0c-2374-4ace-88dd-f6b755af5702	DAILY_YIELD	0.250	0.889873	0.28093896544787851750	2026-03-31 00:00:00.145406+00	\N
4bd217ab-de97-4f20-a90f-d736dd657c9a	11f8cf5f-f563-4b3c-b7b0-ccd7460c4e1c	5b0b6ab2-3640-4690-8174-b834ae3e3274	DAILY_YIELD	0.700	0.889873	0.78662910325405984899	2026-03-31 00:00:00.145406+00	\N
94534ec8-276d-43e6-8e02-a631d16b0759	84ae644b-ba9d-44f5-a21d-409630401d4b	9c1ba29a-9072-4ce8-8d07-f066452cc832	DAILY_YIELD	1.400	0.889873	1.5732582065081197	2026-03-31 00:00:00.145406+00	\N
5ee213ba-2004-4d13-8264-6911627837e5	d48b5e51-c701-4fda-a88e-cff08ea17e86	1033b8e2-5f27-4cd0-b2a6-02cfa262039f	DAILY_YIELD	13.500	0.889873	15.1707041341854399	2026-03-31 00:00:00.145406+00	\N
bc93aceb-3367-4b73-afdd-daad3195a344	58ba6bf4-6c97-4c4c-b2d5-5ec2a36cab49	397c68a3-5b1d-434e-8f9c-db983798428c	DAILY_YIELD	36.000	0.889873	40.4552110244945065	2026-03-31 00:00:00.145406+00	\N
9ae599dc-31ec-43d9-b06a-e9eeaff4a61c	f577ea16-920a-4e70-be2a-5b339f8202f4	cf8670f1-ac31-4643-93c0-55447b244ca0	DAILY_YIELD	18.000	0.889873	20.2276055122472533	2026-03-31 00:00:00.145406+00	\N
8bb0301c-1da3-4f29-9375-d2f50741bcd0	11f8cf5f-f563-4b3c-b7b0-ccd7460c4e1c	43f84771-38e9-4f47-b04e-267a98046ffe	DAILY_YIELD	3.150	0.889873	3.5398309646432693	2026-03-31 00:00:00.145406+00	\N
20cd4363-ccc3-491d-8f7b-5fb93a68a4d9	220c82f4-0653-4d5a-ab2f-b78dd7ddfbda	b06c0869-fb27-4f8b-b876-3f3d793efde5	DAILY_YIELD	1.400	0.889873	1.5732582065081197	2026-03-31 00:00:00.145406+00	\N
73e8c6de-e7a5-4b87-a873-af31cb4bc1e0	bff8ef3c-eb9b-46b4-ac23-79343596c0c6	05c8cd22-5c11-4efb-b5f1-d117741214e4	DAILY_YIELD	72.000	0.889873	80.9104220489890130	2026-03-31 00:00:00.145406+00	\N
db979bfc-2d6d-4d67-be4e-af345deb2f4a	58ba6bf4-6c97-4c4c-b2d5-5ec2a36cab49	744fde28-d869-43e3-ab7d-e1af55cff9ac	DAILY_YIELD	96.000	0.889873	107.8805627319853507	2026-03-31 00:00:00.145406+00	\N
\.


--
-- PostgreSQL database dump complete
--

\unrestrict JkkS7Lk3pXfED8DfX4bzWAvH2fWocKVS1cuXxl7jdVH4MVfTsTFQNJ1z7V8J5qC

